customerId,productId,rating,timestamp
7,1,3,851866703
9,1,4,938629179
13,1,5,1331380058
15,1,2,997938310
19,1,3,855190091
20,1,3.5,1238729767
23,1,3,1148729853
26,1,5,1360087980
30,1,4,944943070
37,1,4,981308121
43,1,4,974768260
44,1,4,858707138
47,1,5,832228931
48,1,4,1318796720
55,1,3,855926941
56,1,4,1467004817
63,1,5,1079098216
67,1,3,854711770
68,1,4,1194741818
69,1,5,1366831110
70,1,5,853954235
72,1,3.5,1461778737
73,1,5,1303464840
75,1,3,1165607201
77,1,4,1163005363
79,1,2,1182994648
84,1,3.5,1429910800
86,1,3,848161799
87,1,3,858623186
89,1,5,1257620018
90,1,4,875517174
91,1,5,1448798200
92,1,5,848526251
93,1,4,1304992014
94,1,4,1291779829
97,1,1,1460342505
99,1,4,938586006
100,1,4,854193977
106,1,4,1215818369
112,1,5,852720865
119,1,2,913048158
120,1,2.5,1167422234
121,1,4,833058442
122,1,3,832773057
124,1,4.5,1147862310
125,1,4,1269736592
126,1,5,833286470
128,1,5,1049690031
130,1,3,1138997743
134,1,3.5,1361244876
136,1,4.5,1405977265
138,1,2,1440379001
142,1,4,997731606
146,1,5,1256071139
149,1,3,1436919660
150,1,3,1114306148
152,1,3.5,1335947960
153,1,5,1046739645
154,1,4,850917310
157,1,3.5,1291598726
163,1,3,1390767736
164,1,3.5,1179531301
165,1,2.5,1111482682
168,1,5,848866772
169,1,4,1234228717
173,1,4,875357598
175,1,4,1052837092
176,1,2,1340720798
177,1,5,907515679
178,1,4,1437425800
179,1,5,1436669947
184,1,5,833524830
185,1,5,1003523268
187,1,4,1228072644
193,1,4,971216031
200,1,3,1437932719
201,1,5,1110421816
205,1,4.5,1442148577
212,1,3,1218405007
213,1,3,1462637445
215,1,3,860559708
219,1,5,974475264
220,1,2,970498319
224,1,4,828213150
232,1,3,955088635
237,1,3,1102009632
240,1,4.5,1098943177
241,1,3,847339737
242,1,5,956682763
247,1,4,953361586
252,1,3,869101312
253,1,4.5,1215831130
261,1,1.5,1101665532
262,1,2.5,1433898798
268,1,5,1314894068
272,1,4,1453587590
273,1,4.5,1466945564
275,1,5,1350254117
282,1,4,1111493773
283,1,3,1114997963
284,1,3,853878868
285,1,4,965091874
287,1,5,1469161081
292,1,4,1140049726
293,1,4,1064615574
294,1,4,1047071649
306,1,3,956083012
311,1,3,898007830
312,1,5,959933200
313,1,4,1105354580
314,1,2,1437338091
318,1,1,862902604
321,1,3,939420838
324,1,4,1451524648
328,1,4,1147996106
329,1,5,867072004
333,1,4,1441197471
334,1,5,1447031887
336,1,2,995826976
343,1,5,881166397
344,1,4,853736711
345,1,4.5,1106949170
350,1,4,1005938887
353,1,3.5,1112268707
354,1,5,846062607
355,1,3,1130104529
357,1,5,832768614
358,1,5,957480017
361,1,3,864050973
363,1,5,942344684
379,1,3.5,1378180411
380,1,4,1048092869
382,1,3.5,1371772711
383,1,5,852806429
390,1,4,867073566
396,1,5,834998311
401,1,5,977459322
402,1,2,1443393600
403,1,4,850779492
406,1,3.5,1447951646
407,1,4,962646314
408,1,2,933035002
409,1,5,828212413
410,1,5,1434057935
412,1,4,993088074
417,1,3.5,1112585993
418,1,3.5,1132180691
419,1,4.5,1110049948
421,1,2,835170129
422,1,5,980859727
425,1,4.5,1112383737
426,1,3,1312723226
428,1,5,1304131910
430,1,4,1172908978
431,1,4.5,1165547529
432,1,5,1271227588
433,1,4.5,1417930541
434,1,4,886372746
437,1,4,831693610
440,1,4,835337057
442,1,4,1227920032
447,1,3,832492847
448,1,3,1444761397
452,1,3.5,1133735252
455,1,3.5,1110395566
456,1,3.5,1432307903
457,1,1.5,1471386200
458,1,3.5,1365115663
459,1,5,859210690
460,1,4.5,1072836909
461,1,3.5,1090907386
463,1,3,1049913385
466,1,5,944892273
468,1,4,1296195523
470,1,3.5,1234088628
471,1,3.5,1239658613
472,1,5,939004597
475,1,4.5,1446908358
480,1,5,1272669366
481,1,4,1437000892
484,1,3,851345204
486,1,5,1464121011
490,1,1,851786086
491,1,5,940796476
500,1,2,1228946388
501,1,5,1283137657
502,1,4,861302126
503,1,4,1432365762
506,1,4,865395296
507,1,3,862090954
509,1,3,939329344
510,1,1,944346953
514,1,4,853892832
518,1,5,945369114
520,1,3,1142028487
525,1,2,1024928544
526,1,4,1428641074
529,1,4,959965342
530,1,5,879014231
531,1,3,1240402247
534,1,5,973376852
537,1,5,879502465
538,1,5,831835670
542,1,4.5,1424965705
543,1,5,866931481
547,1,3.5,1053173138
548,1,4,857405395
553,1,4,1423011192
559,1,4,903143238
560,1,4.5,1452849340
561,1,3,1172695347
562,1,4.5,1167426662
564,1,4,974712079
568,1,3,835002305
570,1,1.5,1475783711
574,1,4,1232811316
575,1,3,1012595781
577,1,5,1111475159
580,1,4,1155616380
584,1,5,1276156510
585,1,4,974607482
586,1,4,1214234202
594,1,4,938948878
595,1,5,965077903
596,1,3.5,1145034973
597,1,5,940708550
598,1,4.5,1057554797
603,1,4,868354978
607,1,4.5,1113319531
608,1,4,939461651
615,1,4,1425504992
616,1,4,860572913
623,1,4.5,1225256593
624,1,5,1019126661
630,1,4,1443807734
636,1,3,855227186
641,1,4,850021197
646,1,5,953449518
647,1,4,947292218
649,1,4,834424768
653,1,4,948160430
654,1,5,1145390085
660,1,2.5,1436680062
663,1,4,1438397999
664,1,3.5,1362421730
670,1,4,938782344
671,1,5,1064891129
15,2,2,1134521380
19,2,3,855194773
30,2,2,945277634
32,2,4,834828285
41,2,3.5,1093888283
47,2,5,832229657
48,2,3.5,1322169967
49,2,5,978040739
61,2,3.5,1216051639
68,2,3,1249809905
69,2,3.5,1366831701
72,2,2.5,1461784724
73,2,2.5,1255595527
78,2,3.5,1274051069
79,2,2.5,1182994926
80,2,2,844860022
85,2,5,837511784
88,2,3.5,1239773232
92,2,3,848525932
99,2,2,950999958
113,2,5,844884330
115,2,5,1107034391
119,2,3,913051445
124,2,3,1147861200
126,2,3,833286607
128,2,4,1049685256
134,2,4.5,1361245855
150,2,3,1114306834
151,2,4,847296918
157,2,2.5,1291654669
161,2,4,837629692
165,2,3,1111981462
176,2,3,1341047637
177,2,5,907380055
182,2,5,845744191
185,2,4,1003523847
187,2,3,1237164142
188,2,4,841064145
192,2,4,843634025
200,2,3.5,1457721108
212,2,3,1218404003
213,2,3,1462637790
218,2,2.5,1163106626
224,2,4,828213150
241,2,3,847339662
253,2,4,1215831526
262,2,2,1434331477
268,2,3.5,1314894727
279,2,3,838231842
285,2,3,965089266
287,2,5,1469162190
288,2,4,845862466
292,2,3.5,1140051284
298,2,5,1447369122
306,2,4,939716745
312,2,2,959935514
313,2,3,1101033291
324,2,4,1451524483
338,2,3,841656624
346,2,2,1044652107
353,2,2,1114172641
355,2,3,1130105802
369,2,3,847465664
382,2,3,1371780062
389,2,4,829491840
396,2,3,834998422
418,2,2,1132178551
426,2,3,1310374386
428,2,3,1304136764
440,2,4,835337237
442,2,4,1227969149
447,2,3,832493108
466,2,3,944978286
468,2,2,1296195941
471,2,3,1239744723
473,2,5,1425643774
479,2,4,1409093666
480,2,5,1272669458
487,2,4,832836515
496,2,4,834060098
500,2,1.5,1228946281
506,2,3,865395979
517,2,5,846450065
518,2,4,945362514
522,2,2.5,1391353926
525,2,2,1024929394
531,2,4,1243510104
534,2,4,973376511
535,2,3,838631374
537,2,3,879521681
548,2,3,857406875
561,2,3,1172766441
564,2,4,974839862
575,2,4,1012598088
580,2,3.5,1165900696
590,2,3,848677637
593,2,3,835464130
595,2,2,965230397
602,2,4,842360098
603,2,4,868355874
607,2,3,1118247388
624,2,3,1019125424
641,2,4,834636796
654,2,3,1145389613
655,2,4,1470073353
662,2,5,839022500
665,2,3,992836405
5,3,4,1163374957
19,3,3,855194718
25,3,3,859625254
44,3,5,858707194
70,3,5,853954323
75,3,3,1143047700
85,3,2,837512420
100,3,4,854194024
110,3,4,840101142
112,3,5,852720897
115,3,5,1107034474
128,3,2,1049682634
154,3,4,850917346
162,3,2,852791965
165,3,2.5,1111981538
182,3,4,845745032
217,3,4.5,1108160863
233,3,3,854481667
239,3,4,991861185
256,3,3,851862274
275,3,4,1326919897
284,3,3,853878917
285,3,3,965092752
329,3,3,867072039
358,3,1,957479796
361,3,4,864051071
390,3,5,867072842
416,3,4,841447146
425,3,0.5,1112383600
430,3,1.5,1111488810
442,3,4.5,1227969381
452,3,1,976423199
457,3,1.5,1471385241
459,3,4,859210733
468,3,2.5,1296196738
484,3,4,851345272
496,3,3,843218375
505,3,3,1340413945
507,3,2,862091271
509,3,2,946276711
514,3,1,853892868
516,3,3,844687536
534,3,2,973374764
543,3,5,866931510
548,3,4,857405447
559,3,3,883675744
564,3,3,974838162
574,3,3.5,1232815004
603,3,2,868355076
605,3,2,980194114
607,3,3.5,1118247469
614,3,2,1003253691
616,3,3,860572960
624,3,3,1019128536
640,3,4,860950973
641,3,3,833955544
646,3,5,953451056
650,3,3,844883753
665,3,3,993347429
19,4,3,855192868
113,4,3,844884590
128,4,3,1049682515
168,4,3,848879299
182,4,3,845745077
239,4,3,991862027
391,4,2,891534197
460,4,3.5,1072837815
461,4,1.5,1090908852
518,4,1,945365209
644,4,1,944934385
649,4,3,834425135
650,4,1,844883753
15,5,4.5,1093070098
18,5,3,856006982
44,5,3,858707194
55,5,3,855926988
69,5,5,1366831985
70,5,5,853954323
85,5,3,837512493
98,5,3,1459405466
110,5,4,840100796
111,5,3,1097430540
113,5,5,844884467
127,5,4,842323102
134,5,1,1361244162
140,5,4.5,1398068239
150,5,2.5,1114308628
154,5,3,850917346
162,5,4,852791965
182,5,4,845744805
196,5,4,959224062
212,5,2.5,1218955060
223,5,4,856532203
235,5,4.5,1113184535
239,5,3,991862159
241,5,2,847340005
256,5,3,851862273
284,5,4,853878917
292,5,4,1140153456
294,5,3.5,1062619499
306,5,2,956082033
313,5,3.5,1105355064
318,5,3,862902663
329,5,3,867072039
344,5,2,850723898
345,5,2,1109278713
358,5,2,957795334
381,5,4,1018646002
382,5,3,1371829454
389,5,4,829491839
431,5,4.5,1140455425
452,5,3,976422557
457,5,1,1471385747
514,5,1,853892868
516,5,3,844687485
518,5,3,945364959
543,5,3,866931510
548,5,3,857405447
562,5,3.5,1167429218
564,5,3,974837992
590,5,3,848677907
621,5,4.5,1116476167
624,5,3,1019128415
640,5,3,860950972
641,5,4,834636108
650,5,3,844883711
654,5,4,1145392131
665,5,3,993347605
15,6,4,1040205753
17,6,4.5,1127469542
18,6,4,856006982
19,6,3,855190128
23,6,3.5,1148730128
24,6,5,849321588
30,6,4,945276746
34,6,3,973747402
36,6,3,847057147
39,6,4,832523607
44,6,3,858707194
55,6,5,855926988
67,6,5,854711804
73,6,4.5,1337593559
77,6,3.5,1163252774
80,6,4,844860041
83,6,5,1156206916
90,6,4,875517954
92,6,3,848526431
95,6,5,1016317227
100,6,3,854194023
105,6,3,1085578997
110,6,4,840100719
112,6,3,852720897
113,6,4,844884390
119,6,5,913057893
121,6,4,833058704
152,6,4,1335948353
162,6,3,852791965
173,6,5,875357288
177,6,5,907380682
195,6,4,975417247
199,6,4.5,1398939340
201,6,5,1110421617
215,6,3,860559733
223,6,4,856532203
224,6,5,828213150
235,6,4,1111625738
236,6,3,1109968623
242,6,4,956684268
252,6,3,869101354
256,6,3,851862273
268,6,2.5,1314894615
284,6,5,853878917
288,6,3,845862667
295,6,4.5,1100132745
298,6,3.5,1446576656
311,6,4,1080681367
312,6,5,959931608
318,6,3,862902663
329,6,5,867072039
340,6,4,1410374053
343,6,5,881166915
345,6,2.5,1106949297
355,6,4,1130105736
358,6,3,957481884
367,6,2,1128631216
380,6,4,952358438
383,6,3,852809757
385,6,5,836679569
388,6,5,946520615
404,6,4,1026927798
413,6,5,850890598
430,6,4,1111489263
433,6,5,1417930660
434,6,4,886373053
447,6,3,832493230
452,6,4,976423753
457,6,3,1471386884
459,6,4,859210733
461,6,4,1091067217
468,6,3.5,1296195765
472,6,3,994737953
490,6,5,851786277
496,6,5,843218321
502,6,3,861302161
509,6,3,939471667
516,6,4,844687340
525,6,4,1024929782
534,6,5,973375745
544,6,4.5,1442495715
547,6,2.5,1149462857
548,6,3,857405447
562,6,4,1167428869
564,6,1,974838752
574,6,5,1232810973
577,6,4,1111475446
580,6,3.5,1156473327
588,6,4,842298338
590,6,4,848677809
596,6,4,1138659551
603,6,4,868355017
608,6,5,939362594
615,6,3.5,1463685875
616,6,3,860572959
627,6,4,1201381361
633,6,3,848518408
641,6,4,851304369
647,6,4,947292853
648,6,4,1204413633
659,6,3,836216031
664,6,4,1393890301
666,6,5,838921278
667,6,4,847271481
18,7,3,856006982
19,7,3,855190128
55,7,2,855926988
70,7,3,853954323
79,7,0.5,1182995062
80,7,4,844860107
87,7,3,858623219
88,7,4,1239765126
100,7,3,854194024
110,7,4,840100994
111,7,3.5,1097429457
128,7,5,1049683873
154,7,3,850917346
162,7,3,852791965
182,7,5,845745009
213,7,2,1462639898
223,7,3,856532203
233,7,3,854481668
236,7,3.5,1109968699
247,7,3,953361791
252,7,4,869101615
256,7,3,851862274
283,7,3.5,1114998425
284,7,1,853878917
294,7,5,1047072215
306,7,2,939717948
311,7,3,898007831
312,7,1,959934156
329,7,4,867072073
358,7,4,957479451
361,7,3,864051197
382,7,5,1371778225
390,7,3,867072884
413,7,5,850890598
416,7,4,841447107
452,7,3,976422719
459,7,3,859210733
461,7,0.5,1091049760
463,7,4,1050499745
472,7,2,944321656
493,7,4,954685491
505,7,3,1340413951
516,7,4,844687509
518,7,3,945361906
537,7,5,879520683
543,7,5,866931538
547,7,2,1021098817
551,7,4,843274557
564,7,3,974837728
575,7,4,1012593981
607,7,3.5,1118247500
616,7,3,860572960
641,7,4,834636169
30,8,4,968786809
113,8,5,844885084
128,8,4,1049685242
182,8,5,845745710
614,8,1,1003254119
18,9,3,856007219
19,9,3,855190232
55,9,3,855927315
70,9,3,853954486
95,9,3,1016317600
110,9,5,840101320
113,9,4,844884734
182,9,3,845746347
247,9,3,953272452
254,9,3,845159397
256,9,3,851862371
318,9,4,862902803
361,9,3,864051357
383,9,2,852809531
390,9,3,867076328
490,9,4,851786427
507,9,1,862091545
516,9,3,844687820
518,9,4,945369995
640,9,3,860951277
2,10,4,835355493
4,10,4,949810645
7,10,3,851869035
15,10,3,1093028290
19,10,3,855192496
21,10,3,853846478
39,10,5,832523129
47,10,4,832228931
50,10,4,847412607
56,10,4,1467008381
73,10,3,1255591764
74,10,5,942704394
77,10,3,1183844529
78,10,5,1274050854
80,10,3,844860003
82,10,3,835973445
85,10,5,837507143
92,10,2,848525661
105,10,3.5,1101130624
108,10,4,843302067
110,10,4,840100456
111,10,3.5,1097432318
113,10,3,844884266
114,10,4,838365857
121,10,3,833058428
122,10,3,832773057
126,10,3,833286456
130,10,3.5,1140723887
134,10,4,1361245744
135,10,3,844995924
137,10,4,946411786
144,10,5,837455462
145,10,5,845421721
150,10,4,1114306741
151,10,5,847296716
152,10,1.5,1335948177
157,10,3.5,1291598989
159,10,2.5,1183519921
161,10,4,837629446
164,10,4,1182287578
165,10,2.5,1111482847
177,10,4,907380744
188,10,4,841063568
191,10,2,839925608
199,10,2.5,1214653475
205,10,3.5,1442136824
212,10,3.5,1218403807
214,10,3,978131768
224,10,3,830633216
236,10,3,1109969756
243,10,3.5,1094223893
247,10,4,953271993
249,10,4,839461544
253,10,4,1215831215
268,10,3,1314894283
279,10,3,838231354
282,10,3,1111493968
285,10,4,965091528
288,10,3,845862233
290,10,4.5,1445337576
292,10,4,1140051151
294,10,3.5,1054068559
295,10,4.5,1100132288
302,10,3,843720729
311,10,3,898007870
312,10,1,959931688
313,10,3.5,1105354679
353,10,3,1112269534
355,10,3.5,1130105680
369,10,3,847465494
375,10,4,845491929
384,10,3.5,1168644826
385,10,3,836679100
388,10,2,946521781
389,10,4,829491840
390,10,3,867076126
396,10,3,834998293
399,10,3,841562243
400,10,3,840205137
405,10,3.5,1097769358
415,10,4,848984824
416,10,4,841446669
418,10,2.5,1132178305
428,10,2.5,1304136575
430,10,3.5,1172908696
447,10,3,832492847
457,10,2,1471385100
458,10,4,1365115941
461,10,2,1090907439
464,10,5,829911793
468,10,3,1296195616
471,10,4.5,1257634439
487,10,4,832836302
516,10,4,844687118
525,10,3,1024930416
535,10,3,838630568
548,10,4,857407492
550,10,4,943372548
552,10,3,843322577
555,10,3,842288289
560,10,4,1452848962
561,10,3.5,1172696467
564,10,3,974838889
568,10,4,835002274
574,10,3,1232810621
577,10,3.5,1111475285
588,10,3,842298158
589,10,4,836109734
590,10,3,848677459
592,10,4,995420467
593,10,2,835463471
596,10,3.5,1142088563
602,10,3,842359419
607,10,3.5,1144790933
608,10,3,939362773
624,10,4,1019124400
641,10,3,834636305
649,10,5,834424744
650,10,4,844883616
654,10,4,1145391869
662,10,3,839022269
666,10,3,838920928
15,11,2.5,1093028381
19,11,3,855192773
23,11,3.5,1166728170
30,11,4,948141296
57,11,5,907763065
58,11,5,961127960
59,11,2.5,1144755845
63,11,3.5,1079098249
68,11,3.5,1249808221
86,11,1,848159306
88,11,3.5,1239764623
92,11,4,848525903
93,11,3.5,1304992956
95,11,4,1025556196
105,11,3.5,1100533597
110,11,5,840100602
111,11,4,1097432404
121,11,4,833058545
125,11,4,1269735560
161,11,4,837629659
182,11,5,845744166
219,11,4,974496320
232,11,4,955090745
235,11,3.5,1111558168
239,11,4,991858087
242,11,5,956682997
247,11,4,953361740
249,11,4,839462462
268,11,3.5,1314894958
280,11,3,905583247
292,11,4.5,1140050157
294,11,3,1048536701
306,11,4,939718559
311,11,5,898526635
312,11,3,959933834
319,11,4,834759704
354,11,5,846062456
358,11,3,957479332
380,11,2,949367730
382,11,5,1371773175
385,11,4,836679319
387,11,4,975142478
390,11,5,867075845
396,11,3,839253775
402,11,4.5,1462947988
416,11,4,841446809
421,11,5,835170327
433,11,1.5,1417930769
447,11,3,832493040
452,11,4,976419907
461,11,1.5,1090907986
463,11,3,1049924343
468,11,2,1296195998
472,11,3,944321835
487,11,4,832836467
491,11,3,940797048
493,11,4,954685288
496,11,4,837017766
508,11,3,844376294
509,11,3,1095897396
511,11,4,829351964
517,11,5,846450066
518,11,5,945362876
534,11,3,973374582
535,11,3,838631207
537,11,3,879502984
547,11,3,1418149949
548,11,3,857406576
550,11,4,943373959
562,11,4,1167428952
564,11,3,974833372
569,11,5,965068407
575,11,3,1012593826
597,11,4,940707935
598,11,4,1008571467
602,11,3,842358525
605,11,3,980174746
639,11,4,832450629
641,11,4,834636769
650,11,5,844883616
654,11,4.5,1145391997
667,11,3,847271401
67,12,3,854711916
70,12,3,853954577
91,12,3.5,1448813887
157,12,2,1291598164
199,12,4,1214653108
247,12,3,953270877
252,12,5,869101988
284,12,1,853879034
294,12,4,1062621382
358,12,1,957795321
361,12,3,864051423
396,12,4,838629846
516,12,3,844687789
551,12,3,843274928
564,12,1,974709821
580,12,3,1276095731
624,12,2,1019563753
640,12,3,860951390
182,13,3,845745917
213,13,2.5,1462644085
287,13,4.5,1470167166
402,13,4.5,1462948266
516,13,3,844688688
518,13,5,945369411
564,13,4,974790534
595,13,5,965230121
15,14,2.5,1166586286
18,14,2,856007147
19,14,5,855190167
30,14,4,945276564
70,14,3,853954402
86,14,4,848161252
102,14,4,957895013
233,14,3,854481720
256,14,4,851862320
266,14,4,840452329
284,14,3,853878955
304,14,4,1352656620
306,14,3,939724401
311,14,3,898007870
341,14,4,1240055572
342,14,3,945125271
361,14,4,864051274
383,14,3,852806963
388,14,4,946527775
390,14,2,867072919
407,14,4,962648347
452,14,5,976420715
459,14,4,859210803
490,14,3,851786330
509,14,3,939342219
514,14,3,853892898
530,14,4,879014515
547,14,3.5,1053171195
588,14,3,842298642
640,14,2,860951181
659,14,4,837271765
73,15,2.5,1255593501
213,15,3,1462635671
311,15,2,898008634
390,15,3,867076269
396,15,4,834998937
409,15,1,831090605
496,15,3,834598803
564,15,1,974839652
598,15,2,1007344372
650,15,2,844883798
654,15,2,1145389919
15,16,3.5,1093070150
19,16,5,855191930
23,16,4,1148672550
30,16,5,945115684
36,16,3,847057223
38,16,4.5,1389771630
39,16,5,832525129
56,16,4,1467004892
60,16,4.5,1125828814
63,16,5,1075307025
67,16,4,854713177
73,16,4,1255508530
74,16,3,942705457
78,16,5,1344470037
80,16,5,844860062
94,16,3.5,1291781117
95,16,5,1016316940
105,16,5,1085573826
109,16,3.5,1153229790
110,16,4,840100745
113,16,5,844884467
118,16,4,951009481
119,16,3,913048006
134,16,4,1361245969
171,16,5,950556329
187,16,4,1230360891
193,16,4,971217498
199,16,4,1229897881
204,16,4,1096531183
208,16,4,1402255126
210,16,2.5,1070591352
212,16,4,1218404198
217,16,4,1108160012
219,16,2,974476109
220,16,5,970594863
221,16,3,1111551518
224,16,5,828213150
240,16,3.5,1098940415
242,16,5,956685888
253,16,2,1215831682
271,16,3.5,1107784970
275,16,4.5,1350771182
292,16,4.5,1140049807
299,16,4.5,1344185928
306,16,4,939722228
311,16,2,898008634
330,16,3,948574059
373,16,4,938979342
380,16,4,1204995996
385,16,5,836679592
386,16,4,1047028416
388,16,3,946534269
393,16,2.5,1058471878
408,16,2,933037621
409,16,4,828212412
423,16,3.5,1353700733
428,16,5,1304142362
433,16,4.5,1417930766
442,16,4.5,1227969295
452,16,4,976420133
457,16,3.5,1471386880
461,16,3,1090908858
468,16,3.5,1296196073
472,16,4,939692158
475,16,4,1447072053
476,16,5,978966317
481,16,4,1437107274
509,16,4,939342432
511,16,5,829351964
523,16,1,1202235294
534,16,4,973440399
544,16,4,1442495597
547,16,4,986694981
550,16,5,942669563
562,16,3.5,1167429084
564,16,4,974841269
574,16,4.5,1232821065
580,16,3.5,1167158213
596,16,5,1138658329
607,16,3.5,1113319432
608,16,4,939362594
624,16,5,1019138531
628,16,3,1357725723
647,16,4,947292732
659,16,5,834598615
664,16,4,1343732078
665,16,4,995233268
667,16,2,847271431
2,17,5,835355681
9,17,4,938628337
15,17,3,997939404
18,17,4,856006886
44,17,2,858707139
57,17,5,907763245
67,17,4,854711772
70,17,4,853954235
74,17,4,942705568
86,17,5,848159382
93,17,4,1304992470
99,17,3,938586999
121,17,5,833058557
122,17,3,832773202
161,17,5,837629711
162,17,4,852792058
172,17,4,843290928
182,17,3,845744218
211,17,4,1460811260
212,17,3.5,1228789756
220,17,5,982598447
224,17,5,828213150
232,17,5,955092905
233,17,5,854481605
240,17,4,1099263843
268,17,3,1314894685
280,17,5,905583247
283,17,2.5,1131817444
284,17,1,853878869
294,17,4,1048536399
306,17,4,939720907
308,17,4,854376177
311,17,2,898008634
312,17,3,959934746
319,17,3,834759756
338,17,4,841656668
358,17,5,957479132
361,17,5,864050973
371,17,4.5,1462744286
382,17,4,1371773255
385,17,3,836679381
390,17,4,867072803
391,17,4,891533092
396,17,4,839252545
408,17,4,933035241
413,17,3,850890557
431,17,5,1165548246
434,17,5,886372794
447,17,3,832493040
452,17,4,976419438
461,17,4.5,1091049784
463,17,4,1050499223
465,17,5,1170653276
468,17,3.5,1296195956
472,17,4,939141338
484,17,5,851345205
487,17,5,832836492
493,17,4,954685153
509,17,4,939328099
510,17,4,944348185
514,17,3,853892833
517,17,5,846450097
518,17,5,945362632
529,17,4.5,1353370957
530,17,4,877749107
534,17,2,973374360
537,17,5,879502758
539,17,4,956159579
547,17,5,974778941
554,17,5,1012750606
555,17,3,842284353
559,17,4,903144535
564,17,3,974841452
575,17,5,1012593374
577,17,5,1111475431
578,17,3,1418984606
595,17,4,965077977
598,17,2,1009415293
608,17,3,939461523
616,17,3,860572913
636,17,3,855227188
640,17,4,860950846
650,17,4,844883654
654,17,4.5,1145391936
659,17,4,839168922
667,17,2,847271685
18,18,3,856007359
30,18,2,945277971
36,18,4,847058210
67,18,4,854711941
86,18,5,848160301
111,18,2.5,1098045013
112,18,3,852720984
135,18,4,844996129
154,18,5,850917480
177,18,4,907380994
255,18,2.5,1236980522
408,18,5,933116210
452,18,3,976423954
457,18,2.5,1471388600
461,18,1.5,1091959887
502,18,3,861302538
507,18,4,862091839
549,18,1,1268782856
564,18,2,974715602
571,18,5,1334342436
596,18,3.5,1139403101
607,18,4,1148587665
616,18,4,860573132
636,18,3,855227364
655,18,4,1470073389
659,18,1,839090399
15,19,1,1093028409
23,19,2,1148669114
32,19,3,834828185
33,19,3,1032769612
58,19,1,961127638
69,19,4,1366831735
73,19,1.5,1255501766
85,19,3,837512280
86,19,1,848159249
91,19,4,1448813534
92,19,1,848525799
95,19,4,1016317584
105,19,2,1088058230
110,19,4,840100515
115,19,4,1107034440
124,19,4,1147861227
130,19,1,1138998764
134,19,2,1361245876
145,19,5,845421886
150,19,3,1114305732
151,19,3,847296838
163,19,0.5,1390776289
165,19,1,1111482570
176,19,2,1340915742
192,19,3,843633899
194,19,3,848098383
212,19,1.5,1218404015
213,19,2,1462644085
219,19,3,974474798
243,19,3,1094224146
247,19,4,953362704
253,19,1,1215831546
254,19,3,845157322
255,19,1.5,1236981275
261,19,5,1101666126
262,19,2.5,1434025058
268,19,2,1314890790
285,19,1,965093017
288,19,5,845862330
298,19,4,1447369129
306,19,4,939720147
313,19,2.5,1105354923
324,19,3,1451524520
353,19,2.5,1114172667
355,19,3,1130104070
357,19,4,832768689
358,19,1,957795512
380,19,4,949367918
384,19,3,1153417956
385,19,3,836679159
389,19,1,829492315
412,19,3,993091327
416,19,3,841446722
430,19,2,1111488716
433,19,2.5,1417930709
447,19,3,832492963
452,19,1,976427428
457,19,1.5,1471387811
468,19,1.5,1296190090
487,19,3,832836405
496,19,2,834059934
500,19,3,1228963336
506,19,3,865395921
516,19,3,844687167
517,19,3,846450012
518,19,3,945365345
522,19,3.5,1391351897
527,19,1.5,1281233953
528,19,2.5,1141605315
532,19,3.5,1076971607
535,19,1,838630825
536,19,2,829471719
548,19,3,857407365
560,19,3.5,1452849471
562,19,3,1167428979
564,19,3,974838427
574,19,3,1232810913
580,19,1.5,1167157922
588,19,2,842298252
596,19,2.5,1138658273
604,19,2.5,1277533255
605,19,4,980174457
607,19,1.5,1148585618
624,19,2,1019132168
627,19,1,1201389367
641,19,3,841551413
649,19,3,834424836
653,19,3,948160498
654,19,4.5,1145392014
659,19,1,834693429
662,19,2,839022347
666,19,3,838920996
23,20,1.5,1148720884
80,20,1,844860151
113,20,5,844884632
135,20,3,844995987
168,20,2,848879311
253,20,1.5,1215823643
311,20,1.5,1062015416
388,20,1,946521220
416,20,3,841447146
457,20,2.5,1471578972
496,20,4,834598410
593,20,4,840996449
624,20,3,1019124922
7,21,3,851867289
15,21,4.5,1058249528
19,21,3,855193244
21,21,3,853846669
28,21,5,938942396
30,21,5,945276705
34,21,4,973748254
36,21,3,847056854
39,21,3,833532967
50,21,3,847412676
56,21,2,1470350794
57,21,4,907763141
60,21,3,1125829035
66,21,4,974600703
73,21,3.5,1255597031
80,21,4,844860003
82,21,3,835973471
83,21,1,1156206448
85,21,4,837511743
86,21,1,848159249
88,21,3.5,1239764334
92,21,5,848525799
93,21,5,1304992496
105,21,3.5,1086093635
113,21,5,844884266
119,21,4,913049013
130,21,3.5,1138999325
135,21,3,844995924
144,21,2,837455574
150,21,3.5,1338710602
151,21,5,847296838
152,21,3.5,1335948369
161,21,3,837629516
165,21,2.5,1111479425
168,21,4,848879039
182,21,3,845744047
224,21,4,828213150
240,21,3,1099264224
242,21,5,956683024
263,21,3.5,1117843298
265,21,4,960060664
268,21,2.5,1314894611
279,21,1,838231505
306,21,4,939715755
311,21,4,898007647
312,21,2,959931319
321,21,5,939420702
353,21,3,1114172187
358,21,4,957480201
367,21,3,1128633376
369,21,3,847465592
380,21,4,949367561
383,21,3,789652009
385,21,4,836679159
387,21,4,974675065
390,21,5,867076176
400,21,4,840205221
408,21,5,933114620
409,21,5,828212412
414,21,4,1039390453
419,21,3.5,1110050033
430,21,5,1172909126
447,21,3,832492911
461,21,3,1091958515
462,21,3.5,1115312737
468,21,2.5,1296195775
472,21,4,939072462
491,21,3,940796953
508,21,5,844376165
509,21,4,939329651
510,21,4,952820505
511,21,5,829351964
514,21,3,853894140
516,21,5,844687168
518,21,1,945363877
525,21,4,1024929782
534,21,2,973375818
535,21,3,838630824
537,21,5,879503236
547,21,4,974809441
548,21,3,857405918
562,21,4,1167428843
564,21,4,974832987
580,21,3,1167157502
585,21,4,974607643
588,21,4,842298252
594,21,5,938961252
602,21,2,842358017
605,21,2,980177887
607,21,3.5,1118247250
619,21,3,831921914
624,21,2,1019124231
633,21,4,848518247
649,21,3,834424805
667,21,3,847271401
15,22,2.5,1093070415
19,22,3,855192868
39,22,4,832523361
66,22,2,974599486
105,22,2.5,1085574077
165,22,3.5,1111479044
177,22,4,907380781
188,22,3,841064493
242,22,4,956685619
245,22,3,1011238620
254,22,3,845157526
274,22,2.5,1074104221
282,22,3,1111492748
330,22,3,948576623
380,22,3,1151120862
385,22,3,836679569
388,22,4,946522830
389,22,3,829495183
409,22,1,831090605
416,22,4,841446959
452,22,3,976424048
461,22,2,1091958962
487,22,5,832836661
496,22,5,834060753
516,22,5,844687379
518,22,4,945367938
534,22,4,973377415
536,22,5,829471720
548,22,3,857406991
564,22,5,974715698
577,22,3,1111474816
580,22,1.5,1167161268
590,22,3,848677877
608,22,3,939362773
641,22,4,841551328
652,22,4,1439584210
659,22,4,834693258
664,22,3,1393891205
19,23,1,855194301
30,23,4,945278756
85,23,3,837512169
91,23,3.5,1448798511
110,23,5,840100893
150,23,2,1114307220
177,23,3,907380781
199,23,3.5,1214653088
203,23,3.5,1226321189
254,23,2,845157762
286,23,4,979179836
311,23,2,898007870
344,23,3,850728598
384,23,3,1153762438
388,23,2,946534576
389,23,2,829492315
496,23,4,843218321
516,23,3,844687509
534,23,4,973440199
536,23,4,829471719
548,23,3,857407170
596,23,3.5,1140797926
23,24,3.5,1148673467
35,24,2.5,1174450075
95,24,4,1018816035
113,24,5,844884632
119,24,3,913050793
180,24,4,945446829
185,24,4,1019787401
188,24,4,841064046
207,24,0.5,1258439884
213,24,2.5,1462644086
311,24,1.5,1062015179
331,24,4,1323373212
348,24,2,960838511
366,24,4,1306282555
380,24,3,949384487
396,24,3,834998979
411,24,5,944931682
414,24,2,1039390286
452,24,2,976420743
463,24,2,1050439270
468,24,2.5,1296198402
489,24,3,944961127
514,24,1,853896519
518,24,3,945445633
529,24,3,960264734
580,24,2.5,1167162836
629,24,1,841414132
637,24,3.5,1231346461
639,24,3,832450630
644,24,3,944933494
652,24,5,1322813211
654,24,4.5,1145392651
656,24,4,986243844
659,24,3,835642366
15,25,3,1033345172
17,25,4.5,1127469531
18,25,5,856006886
19,25,3,855190091
30,25,4,945115684
36,25,4,847057119
44,25,3,858707139
70,25,5,853954235
73,25,4.5,1337593272
80,25,4,844860041
86,25,3,848161123
87,25,4,858623186
90,25,2,875517624
93,25,3.5,1304992612
100,25,4,854193977
102,25,4,956599039
105,25,4,1100533528
111,25,4,1097430903
113,25,4,844884390
128,25,2,1049683567
150,25,4,1114306776
152,25,0.5,1335948417
159,25,4.5,1183519288
161,25,3,837629819
182,25,1,845744316
195,25,3,977756074
199,25,4,1398939318
214,25,3,978382211
224,25,4,828213150
232,25,1,955092749
242,25,4,956683813
252,25,5,869101312
256,25,5,851862204
265,25,4,960056648
284,25,3,853878869
288,25,4,845862619
303,25,3.5,1299489759
304,25,5,1352656153
306,25,4,939721044
312,25,4,959934644
313,25,3,1105354786
328,25,3,1148006147
329,25,5,867072005
330,25,3,948577275
338,25,4,841656889
342,25,4,945124900
343,25,5,881166495
345,25,4,1106949274
361,25,4,864050974
373,25,4,938980304
380,25,4,949374401
381,25,5,1018682762
383,25,2,852806430
385,25,3,836679499
386,25,4,1047028123
388,25,4,946532317
399,25,4,841562580
403,25,3,850779492
407,25,4,1085507289
409,25,4,828212412
413,25,4,850890557
422,25,5,980859792
430,25,4.5,1111579872
434,25,5,886372794
442,25,1,1227921695
447,25,4,832493175
459,25,5,859210691
461,25,2.5,1090908000
463,25,3,1050499156
466,25,3,945139829
468,25,3,1296195961
472,25,5,939691226
484,25,2,851345205
493,25,3,954685326
502,25,5,861302126
509,25,4,939340016
510,25,1,944346953
511,25,4,829351964
514,25,5,853892833
516,25,5,844687365
527,25,3,1281233879
529,25,4,1332171560
533,25,1,965318357
534,25,3,973374165
544,25,5,1442495673
547,25,4.5,1053087861
564,25,5,974712574
574,25,4.5,1232810542
587,25,4,1111348887
588,25,4,842298338
590,25,5,848677760
593,25,5,835465034
596,25,4,1138658441
602,25,5,842357252
605,25,3,980196749
608,25,4,939461869
616,25,4,860572913
636,25,4,855227188
659,25,5,834598421
667,25,2,847271463
670,25,5,938782344
9,26,3,938628655
70,26,5,853954729
86,26,4,848160245
119,26,5,913117867
294,26,3.5,1082754003
135,27,3,844996094
311,27,2,898008658
412,27,3,993089400
452,27,3,976421239
487,27,3,832838282
496,27,4,834598448
641,27,4,834802130
67,28,5,854714394
86,28,4,848160132
99,28,3,938586999
102,28,4,956590655
122,28,3,832773358
212,28,4,1218404673
224,28,5,828213150
280,28,5,905583453
294,28,4.5,1102107967
311,28,2,898008658
312,28,5,959934644
414,28,4,1039390382
434,28,4,886374463
493,28,4,954685191
509,28,4,940012794
529,28,4,1387829869
575,28,5,1012593423
614,28,4,1003253973
17,29,4.5,1127470880
19,29,3,855190349
41,29,4,1109812071
56,29,4,1467004961
86,29,4,848160311
90,29,5,875517306
103,29,5,1117481918
119,29,3,915411448
134,29,5,1361244735
148,29,3.5,1059603929
170,29,2.5,1220532219
185,29,5,1003523544
211,29,5,1460811791
224,29,4,839010002
254,29,5,845158605
262,29,3,1433899932
299,29,4.5,1344183896
344,29,3,850725820
346,29,2,1159125941
363,29,4,942345584
383,29,3,852806794
388,29,3,965182022
396,29,4,839256240
430,29,5,1111579350
450,29,4.5,1449354100
452,29,4,976424683
460,29,4,1072836608
461,29,3.5,1091959504
470,29,4,1233101190
472,29,4,1017535257
514,29,5,853893081
537,29,5,879502683
577,29,5,1111476835
580,29,4,1155618177
597,29,3,940707179
602,29,5,842358084
628,29,4,1357725108
636,29,4,855227415
659,29,4,861612034
664,29,4,1343747245
86,30,5,848161285
224,30,4,828786667
236,30,4.5,1109969948
409,30,5,828212412
492,30,2,898110583
509,30,3,939341117
516,30,4,844688700
564,30,5,974840718
608,30,4,939461712
636,30,4,855227524
1,31,2.5,1260759144
7,31,3,851868750
31,31,4,1273541953
32,31,4,834828440
36,31,3,847057202
39,31,3,832525157
73,31,3.5,1255591860
88,31,3,1239755559
96,31,2.5,1223256331
110,31,4,840100695
111,31,3.5,1097429230
150,31,2.5,1130905954
161,31,3,837629820
165,31,3.5,1111981801
186,31,3,1276205768
242,31,4,956686556
254,31,3,845157538
288,31,3,845862722
310,31,1.5,1414188058
311,31,3,898007906
325,31,4.5,1356316520
338,31,3,841656923
341,31,4.5,1240055463
386,31,2,1047028867
394,31,2,1297524887
452,31,2.5,1077114665
457,31,1.5,1471385561
461,31,2,1091959143
468,31,1.5,1296193889
485,31,4,1337748425
487,31,5,832836558
496,31,4,834060152
511,31,4,829352433
516,31,4,844687388
525,31,4,1024928582
590,31,3,848677861
596,31,3,1138705152
601,31,3,1270253462
607,31,3.5,1118248028
619,31,3,831923897
639,31,3,832451040
641,31,4,841551303
8,32,5,1154465405
15,32,4,997938466
17,32,4.5,1127469436
18,32,5,856006885
19,32,3,855190091
20,32,2.5,1238729782
21,32,4,853157476
22,32,4.5,1131662086
23,32,4,1148730400
25,32,4,859625180
26,32,4.5,1354313537
30,32,2,945122277
31,32,4.5,1273720546
34,32,5,973747284
36,32,5,847056901
44,32,3,858707138
47,32,4,832229007
55,32,4,855926941
59,32,4.5,1144756065
70,32,4,853954234
73,32,5,1354676110
75,32,4,1165607192
77,32,4,1163013349
78,32,5,1274050782
80,32,5,844860003
86,32,5,848159270
87,32,3,858623186
90,32,4,875517953
92,32,5,848525833
97,32,4.5,1460343666
100,32,5,854193977
103,32,5,1117402453
105,32,4,1085581768
110,32,3,840100546
111,32,3.5,1097429750
112,32,3,852720865
118,32,4,951008797
119,32,4,913047936
120,32,3.5,1167420751
134,32,4.5,1361244318
137,32,5,946412547
144,32,5,837455646
145,32,5,845421966
148,32,4,1059603935
151,32,5,847296863
152,32,5,1335947997
153,32,5,1046740237
155,32,3,943350048
157,32,4,1308343617
161,32,3,837629562
168,32,3,848866720
172,32,3,843290818
173,32,4,875356677
177,32,4,907380000
183,32,5,983096875
188,32,4,841063691
194,32,4,848098405
197,32,3,975429339
199,32,3.5,1214668938
200,32,4,1437934584
201,32,5,1110497366
211,32,5,1460811900
212,32,3.5,1254008544
213,32,1.5,1462640571
214,32,3,978468713
223,32,4,856532132
224,32,5,828213150
232,32,5,955093134
236,32,4,1109968555
237,32,2,1102009650
240,32,4.5,1098943194
248,32,4,1031528116
252,32,4,869101312
256,32,1,851862204
261,32,4,1101665552
268,32,3,1314888953
271,32,4,1107785074
282,32,3.5,1111493903
283,32,4,1114998004
284,32,4,853878868
285,32,5,965088482
292,32,4.5,1140051072
299,32,5,1344183785
300,32,4.5,1108049525
303,32,3,1299449785
312,32,2,959939065
313,32,3,1101033175
324,32,3.5,1451524254
327,32,4,1225363971
329,32,3,867072004
330,32,4,948578017
343,32,4,881166832
345,32,5,1106948903
346,32,3,1044650722
348,32,5,960838861
352,32,3.5,1420521602
353,32,2.5,1112268781
355,32,4,1130104575
357,32,5,832768675
358,32,3,957535632
361,32,3,864050973
363,32,4,942345584
369,32,4,847465620
370,32,4.5,1096511821
379,32,4,1378180038
380,32,5,1038621928
383,32,5,852806429
386,32,4,1047028456
388,32,4,946527074
390,32,1,867072802
394,32,4,1298378877
396,32,3,838629761
400,32,4,840205237
403,32,3,850779492
407,32,4,962647111
408,32,4,933036132
409,32,3,828212412
410,32,4.5,1434057966
416,32,3,841446767
420,32,4,892821557
423,32,4.5,1353702469
426,32,2,1310376031
430,32,5,1111489823
432,32,5,1138382928
433,32,4,1417930548
434,32,4,886372696
435,32,5,891508567
440,32,3,835337099
449,32,4,836927059
457,32,3,1471384581
459,32,4,859210690
460,32,4,1072836688
463,32,4,1050439203
468,32,3,1296189720
472,32,3,939049777
480,32,3,1272668464
481,32,4,1437001138
482,32,4,949292001
484,32,5,851345204
487,32,4,832836378
490,32,3,851786086
502,32,5,861302126
506,32,3,865395295
507,32,4,862090953
508,32,3,844376206
509,32,4,939341117
514,32,4,853892832
516,32,4,844687197
520,32,4.5,1142024573
522,32,3,1391353917
524,32,4,1256288131
525,32,3,1024928789
527,32,3.5,1281232477
529,32,4,959965822
533,32,4,965316504
534,32,4,973377778
537,32,4,879502925
544,32,4.5,1435786126
546,32,5,1300579659
547,32,4,981314489
548,32,3,857405395
550,32,4,942668664
561,32,3.5,1172695179
562,32,4,1167428738
564,32,4,974712401
571,32,4.5,1334342690
574,32,4.5,1232810098
577,32,4.5,1111475206
580,32,4.5,1155616561
588,32,4,842298592
590,32,3,848677590
593,32,5,835463824
596,32,5,1138659546
597,32,4,940707179
602,32,3,842357534
603,32,5,868354978
604,32,3.5,1277533126
607,32,3.5,1113319713
608,32,4,939461122
615,32,3,1408779743
616,32,3,860572913
624,32,2,1019132949
628,32,3.5,1357725317
636,32,4,855227184
637,32,5,1343142621
641,32,4,834636631
649,32,4,834424836
650,32,3,844883616
654,32,5,1145390343
655,32,4,1470074140
659,32,4,840210776
660,32,4,1436681788
664,32,5,1343746766
665,32,4,995233393
667,32,5,847271481
670,32,3,938782145
4,34,5,949919556
7,34,4,851867861
15,34,3,997938310
19,34,4,855191622
20,34,3.5,1238729861
21,34,4,853846442
23,34,3.5,1166728173
30,34,4,1039067883
43,34,4,974768402
48,34,3,1322169717
57,34,5,907763018
61,34,2,1216050806
67,34,5,854714246
69,34,4,1366831572
73,34,2.5,1255606447
77,34,3.5,1163253023
78,34,3.5,1344469842
82,34,5,835973471
86,34,3,848159230
91,34,3,1448798347
92,34,5,848525764
93,34,4,1304992044
102,34,4,956591671
108,34,3,843302154
110,34,3,840100501
114,34,5,838365827
121,34,5,833058465
126,34,3,833286506
130,34,3,1138999264
151,34,3,847296802
153,34,4,1046739068
157,34,1,1323623560
159,34,2,1183519883
160,34,2,974256306
166,34,4,1064888506
172,34,3,843290717
176,34,2,1341001737
182,34,5,845743924
183,34,4,983097092
188,34,4,841063623
191,34,2,839925667
192,34,5,843633865
195,34,4,976288815
201,34,4,1110498208
210,34,2.5,1070591483
212,34,3,1218402042
213,34,1.5,1462638094
219,34,3,974496128
220,34,4,970498215
224,34,5,828214011
240,34,4.5,1098943234
241,34,4,847339564
242,34,4,956682698
243,34,3.5,1094223856
253,34,4.5,1215831195
254,34,5,845157322
259,34,3,949949146
262,34,2,1434332133
266,34,3,840452291
268,34,4.5,1314894252
279,34,3,838231458
294,34,3,1047071968
306,34,4,939717358
311,34,4.5,1062014388
312,34,2,959993015
313,34,4,1105354644
324,34,5,1451524308
328,34,4,1147996835
338,34,4,841656380
344,34,1,850727257
345,34,4,1106949220
353,34,0.5,1112269498
358,34,5,957535406
363,34,5,938890526
373,34,4,938979750
380,34,4,949367479
382,34,4,1371772733
383,34,5,852810527
384,34,3,1153498169
400,34,4,840205170
409,34,5,831090605
410,34,1.5,1434057979
415,34,4,848984886
419,34,4,1110049997
421,34,3,835170160
422,34,4,980859748
428,34,3,1304132685
430,34,3.5,1172909176
434,34,4,886374222
439,34,1,1041114896
442,34,3.5,1227920128
447,34,3,832492936
452,34,4,1067732233
457,34,1,1471386491
458,34,3,1365115878
461,34,3.5,1091958458
466,34,4,944979430
468,34,3.5,1296191457
472,34,5,939071579
480,34,3.5,1272670036
486,34,2.5,1464121171
487,34,3,832836378
491,34,4,940796422
493,34,5,954684819
495,34,5,846384319
496,34,2,834059907
500,34,2.5,1228946744
508,34,5,844376142
509,34,3,939329179
510,34,1,946974972
514,34,4,853894009
516,34,3,844687152
518,34,5,945363618
527,34,1,1281234175
529,34,5,959964987
531,34,3,1240402299
534,34,3,973377061
536,34,5,829471719
545,34,4,938567928
547,34,4,974780707
550,34,4,943373414
555,34,4,842284498
557,34,2,1285963072
559,34,4,883676604
560,34,3.5,1452849376
562,34,4,1167428772
564,34,3,974711349
575,34,5,1012595891
577,34,5,1111475261
582,34,3,1122167376
585,34,4,974607482
587,34,3.5,1112036128
590,34,4,848677547
595,34,3,965077143
597,34,5,940708603
602,34,4,842357252
605,34,5,980175025
608,34,4,939362108
623,34,4,1225256510
629,34,2,841414132
641,34,4,834636605
647,34,5,947292940
653,34,4,948160595
654,34,4.5,1145389461
658,34,4,941488542
662,34,4,839022324
665,34,2,995233440
670,34,4,938782193
19,35,3,855192496
86,35,4,848160169
102,35,4,957894204
224,35,4,828213150
306,35,3,939724401
391,35,5,891533260
409,35,4,828212412
492,35,4,898111314
514,35,3,853894140
564,35,2,974843294
659,35,3,834693748
9,36,5,938629110
15,36,1,1033345287
17,36,4.5,1127469535
18,36,3,856006982
19,36,3,855190954
21,36,3,853157544
24,36,3,849321616
36,36,4,853005249
70,36,4,853954322
73,36,4.5,1339744008
86,36,4,848159467
88,36,4,1239758454
90,36,4,875516371
102,36,4,956598974
105,36,3,1100533551
113,36,4,844884390
118,36,4,950154206
119,36,3,945993306
120,36,3,1125350649
130,36,4,1138999312
134,36,4,1361245841
156,36,5,1277430241
160,36,4,974256106
161,36,4,837629925
162,36,3,852791965
182,36,3,845744347
183,36,4,983096307
198,36,5,1068823117
212,36,4,1218403917
214,36,4,978382062
220,36,4,970499031
223,36,4,856532203
224,36,5,830633234
240,36,4,1099264248
241,36,4,847339832
242,36,5,956683601
245,36,4,1012187265
256,36,3,851862273
265,36,4,960056698
266,36,5,840703429
283,36,3,1130008541
284,36,4,853878917
312,36,4,959933117
318,36,3,862902663
338,36,4,841656923
342,36,4,945123774
343,36,4,881166665
345,36,2.5,1106949280
350,36,5,1011046129
373,36,4,938979530
381,36,5,1018682625
383,36,3,852806794
385,36,4,836679544
387,36,3,974791396
388,36,4,946527132
407,36,4,962646804
422,36,5,980859727
433,36,3,1417930691
434,36,5,886372696
442,36,4.5,1227969086
447,36,4,832493175
452,36,5,976419552
459,36,4,859210733
461,36,3,1091958547
466,36,3,945317020
472,36,4,946843083
490,36,3,851786277
501,36,4.5,1283137825
502,36,5,861302161
507,36,5,862091271
509,36,4.5,1093299814
510,36,4,946893253
511,36,5,829351964
514,36,4,853892867
527,36,2,1281233906
529,36,4.5,1351225218
530,36,5,879014382
533,36,4,965316145
534,36,4,973377621
537,36,4,879502514
545,36,5,938567835
547,36,4,1022958803
548,36,3,857405447
562,36,4,1167428880
564,36,5,974711403
570,36,4,1475784355
573,36,5,946616367
575,36,3,1012604566
596,36,3.5,1142088573
602,36,5,842357428
605,36,1,980176545
608,36,4,939461768
616,36,4,860572959
627,36,4,1201383202
633,36,3,848518247
636,36,4,855227232
640,36,5,860950972
641,36,4,850021177
650,36,5,844883683
654,36,4.5,1145391943
659,36,4,837455668
667,36,4,847271548
670,36,4,938782050
671,36,4,1065149314
102,37,1,959976593
306,37,3,941546415
514,38,1,853896032
624,38,3,1019227804
2,39,5,835355604
5,39,4,1163374952
15,39,2.5,1093028334
19,39,3,855193076
34,39,3,973747340
43,39,4,974768903
47,39,3,832229039
50,39,2,847412692
56,39,5,1467003294
69,39,4.5,1366831626
73,39,4,1255505029
77,39,2.5,1163253088
78,39,5,1274050940
82,39,5,835973488
83,39,4,1156207541
86,39,4,848161788
88,39,3,1239764316
92,39,2,848525833
93,39,4,1304992650
98,39,3,1459405274
99,39,4,938587073
110,39,5,840100529
111,39,4.5,1097432363
121,39,4,836906043
126,39,3,833286550
128,39,4,1049683567
129,39,3,965328135
134,39,3.5,1361245791
144,39,3,837455602
149,39,3.5,1436923278
150,39,2.5,1114306777
151,39,3,847296863
161,39,3,837629544
168,39,4,848866720
176,39,1,1341002026
187,39,4.5,1228083642
188,39,3,841063654
192,39,3,843633926
195,39,3,976288703
212,39,2,1218403872
213,39,2,1462638110
219,39,4,974496214
239,39,5,991858188
240,39,4.5,1099264239
247,39,3,953361663
254,39,2,845157349
262,39,2.5,1434024947
264,39,5,995664962
266,39,5,840703309
268,39,3.5,1314894403
275,39,4.5,1386885563
288,39,3,845862359
292,39,4.5,1140051201
294,39,4,1048536677
295,39,4,1100132738
306,39,5,939718559
308,39,4,854376623
311,39,3,898007906
312,39,5,959933924
315,39,1,1046663491
319,39,3,834759561
338,39,3,841656489
344,39,3,853736623
358,39,5,957479350
369,39,3,847465620
373,39,5,938979601
380,39,3,949367778
382,39,2,1371780980
385,39,4,836679182
388,39,3,946533260
394,39,3,1298379688
400,39,4,840205237
408,39,4,933119358
412,39,3,993088307
416,39,3,841446748
421,39,3,835170225
422,39,4,980860120
424,39,3.5,1088826826
439,39,4,1041114896
447,39,3,832492963
452,39,3,976421630
457,39,2,1471386519
461,39,4.5,1090908007
463,39,3,1049924900
464,39,5,829912558
465,39,4.5,1170653255
466,39,4,944979604
468,39,3,1296195802
472,39,4,939072462
487,39,4,832836405
491,39,4,940797183
500,39,2.5,1228946243
514,39,3,854116134
516,39,3,844687182
517,39,4,846450026
518,39,4,945362876
527,39,2.5,1281233840
534,39,2,973374324
536,39,5,829471720
547,39,3,974778610
548,39,3,857405981
561,39,2.5,1172696829
562,39,3.5,1167428851
564,39,5,974714239
569,39,4,965068081
575,39,3,1012596049
580,39,4,1155875901
585,39,4,974607516
597,39,5,940707935
598,39,3,1008571296
599,39,5,1329892886
605,39,4,980176168
617,39,3,944893754
639,39,4,833991986
641,39,5,834636664
649,39,4,834424854
653,39,5,948161400
662,39,3,839022369
665,39,2,992920699
666,39,2,838921015
7,40,4,851866901
121,40,5,833059219
148,40,4.5,1059507590
173,40,4,875356897
311,40,3,898007947
530,40,3,879014515
36,41,3,847057696
86,41,4,848160022
112,41,5,852720950
119,41,4,913048297
223,41,4,856532349
265,41,4,960056356
318,41,3,862902858
330,41,5,948577200
343,41,2,881166832
361,41,4,864051423
388,41,2,946525631
407,41,5,962675654
431,41,5,1165548141
466,41,4,945010502
484,41,4,851345432
489,41,4,944960408
508,41,5,844377195
509,41,4.5,1093278310
537,41,5,879503236
550,41,5,943372388
555,41,3,842283609
564,41,3,974713477
667,41,5,847271721
19,42,3,855192210
30,42,3,945278415
67,42,3,854714498
195,42,2,975419204
388,42,2,946520999
509,42,2,940016257
534,42,2,973376255
564,42,3,974839143
650,42,1,844883925
67,43,4,854712006
190,43,4,975695042
211,43,5,1460811873
224,43,4,828213150
311,43,1.5,1062015566
390,43,3,867074211
452,43,4,976425795
467,43,4,939063188
514,43,3,853893138
537,43,4,879502957
564,43,4,974715515
659,43,3,845291355
15,44,3,1122576665
21,44,3,853846547
22,44,2,1131662481
32,44,3,834828337
73,44,3,1255596165
85,44,2,837512134
92,44,3,848526389
150,44,1,1114308273
161,44,3,837629757
165,44,4,1111482102
192,44,3,843634056
194,44,3,848098576
199,44,4,1302655511
207,44,0.5,1258439788
212,44,2,1260705118
243,44,1.5,1094220921
247,44,3,953272667
254,44,3,845157478
285,44,2,965542404
288,44,1,845862596
294,44,3,1054068756
354,44,4,846062533
366,44,3.5,1306282507
370,44,4,1096512154
390,44,3,867076269
396,44,3,834998502
453,44,4,994622468
461,44,0.5,1090908838
468,44,1.5,1296197500
514,44,3,853897100
516,44,3,844687325
535,44,3,838631815
548,44,3,857407170
564,44,2,974839306
580,44,2,1167162169
589,44,3,838902719
603,44,3,868356377
649,44,4,834424947
8,45,2.5,1154389572
19,45,3,855191478
30,45,3,1060795346
36,45,4,847057256
76,45,5,1194384499
80,45,4,844860062
92,45,4,848526550
102,45,4,957894251
110,45,5,840100781
111,45,1,1097429193
115,45,3.5,1107034126
128,45,5,1049682646
150,45,1.5,1113906883
247,45,3,953361856
306,45,4,939718559
308,45,3,854377203
311,45,4,898007947
312,45,5,959933896
345,45,3.5,1106864318
373,45,4,938980460
380,45,3,949367602
385,45,4,836679709
388,45,2,946523444
391,45,3,891533920
408,45,4,933119441
439,45,4,1041114934
452,45,3,976419946
457,45,3,1471383926
460,45,4,1072836078
509,45,3.5,1093278335
514,45,4,853894362
536,45,3,829471925
547,45,4,1022959385
548,45,3,857407272
551,45,3,843274426
555,45,3,832091435
564,45,5,974713644
585,45,4,974607674
587,45,4,1111086063
602,45,4,842358826
649,45,3,834425077
650,45,3,844883711
659,45,3,834693566
80,46,3,844860173
86,46,3,848161443
245,46,3,1011238743
344,46,3,850727867
358,46,1,957479762
391,46,4,891534104
409,46,4,831090605
414,46,2,1039390453
539,46,3,951928750
564,46,5,974843382
639,46,3,832765088
641,46,4,835844739
2,47,4,835355552
8,47,5,1154464836
9,47,3,938628897
13,47,2.5,1331380914
15,47,5,1054449816
17,47,5,1127469246
19,47,5,855191517
21,47,4,853846400
22,47,3.5,1131662466
23,47,4.5,1148669590
26,47,4.5,1360088070
30,47,4,986745716
34,47,5,973747188
38,47,4,1416075134
39,47,4,832523229
50,47,3,847412643
56,47,4,1467004867
72,47,3.5,1461784392
73,47,5,1255503386
77,47,4,1163008777
78,47,4,1344469790
82,47,5,835973458
86,47,5,848159211
88,47,4,1239763433
92,47,5,848525730
99,47,1,938585500
102,47,4,958248432
103,47,4.5,1117403556
105,47,4,1086094595
108,47,2,843302154
109,47,5,1153862175
110,47,3,840100501
111,47,4,1097431427
116,47,5,1163454737
118,47,4,951009525
119,47,5,913233441
120,47,3.5,1167421762
124,47,3.5,1147861617
125,47,4.5,1269733663
128,47,5,1049683132
133,47,2.5,1416147036
134,47,4.5,1361245167
143,47,4.5,1149649707
144,47,4,837455508
145,47,5,845421789
149,47,3.5,1436922267
151,47,5,847296774
152,47,5,1335948042
157,47,3.5,1292893066
159,47,3.5,1183519855
161,47,4,837629464
165,47,3.5,1111479971
171,47,4,950996333
175,47,4,1052884279
177,47,5,907380653
183,47,5,983096400
188,47,3,841063606
191,47,3,839925667
192,47,3,843633842
199,47,4.5,1252353822
201,47,5,1110497364
205,47,4.5,1442137042
212,47,3.5,1218399790
213,47,2.5,1462637527
214,47,4,978128389
216,47,5,1095792731
219,47,4,997730388
224,47,4,828214012
225,47,5,845565857
235,47,3,1111625682
236,47,2.5,1109968576
240,47,4,1098943239
241,47,3,847339539
242,47,4,956685503
243,47,4,1094220912
245,47,2,1011319164
254,47,3,845157307
262,47,5,1433899064
267,47,4.5,1175984548
268,47,4,1314894139
270,47,4,1469278482
279,47,3,838231458
283,47,3,1114998051
285,47,5,965091247
288,47,5,845862270
290,47,5,1445337326
291,47,4.5,1111489466
292,47,4.5,1140050095
295,47,4.5,1100132248
299,47,4.5,1344427470
303,47,2.5,1299446741
304,47,5,1352655655
306,47,4,939716937
307,47,4,1209126049
308,47,3,854376560
311,47,0.5,1062015877
313,47,4,1105354631
327,47,3.5,1225363967
338,47,4,841656328
339,47,4.5,1446664412
340,47,5,1410374238
344,47,5,850725078
345,47,4.5,1106949213
346,47,2.5,1159128814
352,47,4,1420521236
353,47,3.5,1137410807
355,47,5,1130104016
358,47,3,957534524
360,47,4,967345012
363,47,5,938890950
364,47,0.5,1444534953
369,47,4,847465541
371,47,4.5,1462737831
379,47,4.5,1378180195
380,47,5,1038621751
381,47,1,1018646183
383,47,5,789652009
384,47,4,1153740744
385,47,5,836679129
388,47,5,946522753
391,47,3,891533670
394,47,4,1298379179
396,47,3,838629684
399,47,2,841562530
400,47,4,840205170
408,47,5,933033418
409,47,5,828213115
418,47,3.5,1132178233
426,47,4,1313019611
430,47,5,1111489134
431,47,5,1165547618
432,47,5,1138382869
433,47,5,1417930576
440,47,4,835337079
442,47,4.5,1227920086
449,47,4,836907547
450,47,5,1449349727
452,47,2.5,1151810489
455,47,4.5,1110395657
457,47,4.5,1471384576
458,47,4,1365115711
460,47,2.5,1072836886
461,47,5,1090907975
463,47,4,1049922469
468,47,3.5,1296195557
472,47,4,994738167
475,47,4,1447071828
478,47,3.5,1446621801
480,47,4,1272670017
487,47,4,832836352
488,47,4,1308944597
495,47,4,846384293
496,47,3,834059907
501,47,5,1283137699
508,47,5,844376097
509,47,4,940016006
514,47,4,853893935
516,47,4,844687137
517,47,5,846449972
518,47,5,945367593
520,47,5,1142025848
522,47,4,1391350444
527,47,3.5,1281233678
534,47,5,973377326
535,47,3,838630807
536,47,4,829471721
544,47,5,1435790584
545,47,5,938568630
547,47,4,978953596
548,47,3,857407799
550,47,3,942669480
562,47,4.5,1167428764
564,47,4,974844454
568,47,5,835002428
574,47,4.5,1232810186
577,47,4,1111475257
580,47,4,1155616730
584,47,3.5,1276156718
587,47,3.5,1111348809
588,47,5,842298216
589,47,5,838902404
590,47,4,848677525
593,47,4,835463672
596,47,4,1138659444
602,47,4,842356712
607,47,4,1113319779
608,47,5,939362390
615,47,4.5,1425505006
619,47,4,831923570
624,47,4,1019132386
627,47,4,1201380839
631,47,5,897771523
633,47,3,848518278
639,47,3,832450970
647,47,5,947292784
648,47,3,1138477818
654,47,4.5,1145390374
659,47,4,835641852
662,47,3,839022324
664,47,4.5,1343731903
670,47,5,938782050
19,48,3,855193488
22,48,2,1131661907
61,48,2.5,1216052245
69,48,4.5,1366831972
73,48,2,1255608841
126,48,3,833286654
128,48,5,1049683855
130,48,3,1139003683
161,48,3,837629866
174,48,4.5,1109621256
175,48,3,1052884607
176,48,3,1341050021
182,48,3,845744430
185,48,3,1019787132
188,48,3,841063983
192,48,3,843634125
212,48,3.5,1218954970
213,48,2,1462638445
216,48,4,1095792192
235,48,3,1111557883
241,48,2,847339855
243,48,2.5,1094220014
254,48,1,845157516
268,48,2.5,1314910317
294,48,3.5,1106705556
311,48,3,898007947
357,48,4,832768792
358,48,3,957479812
363,48,4,942344923
382,48,3.5,1371777858
418,48,3,1132180974
437,48,3,831691596
447,48,3,832493175
460,48,2.5,1072836067
461,48,2,1091958954
463,48,3,1050499840
466,48,3,944979236
468,48,2.5,1296197205
487,48,3,832836572
493,48,2,954685491
496,48,3,834060152
500,48,2.5,1228963545
514,48,2,853894938
518,48,1,945362044
520,48,2,1142024211
523,48,4,1202235506
530,48,4,882388817
531,48,3,1244063107
561,48,3,1172735128
564,48,1,974839955
575,48,2,1012594230
577,48,3.5,1111474754
580,48,2.5,1167159829
582,48,4,1122167280
591,48,3,1112415483
595,48,4,965230500
614,48,3,1003253691
646,48,5,953704122
648,48,1,1138477466
654,48,2,1145392232
665,48,4,993345890
388,49,3,946528236
564,49,5,974712958
2,50,4,835355586
8,50,5,1154400173
10,50,5,942766420
11,50,5,1391658537
15,50,5,997938500
16,50,4.5,1178364904
17,50,5,1127469450
19,50,4,855192835
23,50,4,1148670466
26,50,4.5,1360088047
27,50,4,939077258
30,50,5,945113887
31,50,3.5,1273633559
34,50,5,973748491
36,50,4,847056901
39,50,3,832523307
40,50,4.5,1466993349
47,50,4,832229039
56,50,4,1467004833
59,50,5,1144756267
61,50,5,1216050620
72,50,4,1461778528
73,50,5,1255502804
78,50,5,1274051508
80,50,3,844860003
82,50,4,835973488
83,50,5,1156205258
92,50,5,848525799
94,50,4,1291780058
96,50,4,1223256642
97,50,5,1460342291
99,50,4,938585285
102,50,4,956598567
105,50,4.5,1086272608
111,50,4,1097432297
118,50,5,951009296
119,50,4,913047839
120,50,4,1167421675
121,50,5,833058475
125,50,5,1244537461
130,50,3.5,1138997386
137,50,5,946412158
138,50,4,1440379088
147,50,5,1405201558
149,50,3,1436922260
150,50,4.5,1114306168
151,50,3,847296838
152,50,5,1335948008
157,50,4,1323549288
159,50,4.5,1183519004
165,50,2,1111482816
168,50,4,848866691
172,50,5,843290785
177,50,5,907380653
183,50,5,983096683
185,50,5,1019787636
199,50,4.5,1398939345
201,50,5,1110421811
203,50,5,1226321329
205,50,5,1442136794
212,50,3.5,1228783190
214,50,5,950123067
219,50,4,974475979
224,50,4,828214012
231,50,5,977005387
232,50,5,955089337
235,50,5,1111624791
240,50,2.5,1098943216
241,50,4,847339589
242,50,5,956685336
245,50,4,1011318662
254,50,5,845157367
261,50,5,1101665567
265,50,5,960056648
266,50,4,840703309
267,50,4,1175984023
268,50,3.5,1314894111
270,50,4,1469256693
271,50,3.5,1107785309
275,50,3.5,1350771191
279,50,5,838231549
283,50,4,1114998027
285,50,5,965090397
290,50,4.5,1445337263
292,50,5,1140050553
295,50,4.5,1112545460
303,50,3.5,1299439935
304,50,4.5,1352654894
306,50,4,939716937
307,50,5,1209039937
309,50,5,1114566499
311,50,3,898007989
312,50,5,959937256
321,50,4,939420971
330,50,4,948731488
342,50,5,945123389
344,50,5,850727506
345,50,4.5,1106948900
350,50,4,1006983651
355,50,3.5,1130104665
358,50,5,957534412
360,50,5,967345139
362,50,5,1217952715
363,50,4,938890887
369,50,3,847465592
373,50,4,938980398
378,50,3,1443291723
380,50,5,1022553465
385,50,5,836679182
386,50,4,1047029040
388,50,5,946522650
391,50,5,891533526
394,50,4.5,1297525294
396,50,4,834998349
399,50,4,841562332
400,50,5,840205221
407,50,4,962646253
408,50,5,933032097
409,50,4,828213115
412,50,4,993087974
415,50,5,848984934
419,50,4,1110050211
425,50,4,1112383800
428,50,4.5,1304131941
430,50,5,1111489279
431,50,5,1165546804
432,50,5,1138382864
433,50,3.5,1417930567
434,50,5,886374081
438,50,5,1472550855
440,50,4,835337099
450,50,5,1449349256
454,50,5,1463382448
457,50,3,1471383313
460,50,4.5,1072836483
461,50,4,1090908012
463,50,5,1049913552
466,50,4,945139638
468,50,3,1296195544
472,50,4,1017535859
480,50,4.5,1272667244
483,50,4,1465389616
487,50,5,832836405
494,50,5,1342747884
499,50,5,965247608
501,50,3.5,1289258039
502,50,5,861322516
503,50,4,1432366655
508,50,5,844376206
509,50,5,940016006
511,50,5,829352433
514,50,5,853893691
519,50,4,1468758676
520,50,5,1142025871
521,50,4.5,1370072261
522,50,3,1391346849
523,50,5,1202234760
527,50,3.5,1281233179
528,50,4,1141605961
534,50,2,973377299
536,50,5,829471722
537,50,5,879502683
539,50,4,956159510
547,50,4,981314122
548,50,4,857405918
549,50,4.5,1268783169
555,50,4,832091086
556,50,3,842019987
562,50,5,1167428236
564,50,5,974710590
567,50,3,1436823334
572,50,4,1436465509
574,50,5,1232810368
578,50,0.5,1418984412
580,50,4,1155616536
585,50,5,975365404
587,50,4.5,1111102828
588,50,5,842298338
590,50,5,848677567
596,50,4.5,1138659441
598,50,5,1008572131
602,50,5,842356111
607,50,4.5,1113319758
608,50,5,939361516
613,50,5,1208297864
618,50,5,1009556335
619,50,5,831923679
620,50,4,1455532785
624,50,4,1064741727
627,50,4,1201378634
635,50,3,1448301664
637,50,5,1343134397
643,50,5,1372518445
647,50,5,947292654
649,50,4,834424836
654,50,5,1145390204
655,50,5,1470070848
659,50,4,835642125
664,50,4.5,1343746665
670,50,5,938781934
671,50,4.5,1064890944
2,52,3,835356031
15,52,2.5,1093070271
18,52,3,856007075
19,52,3,855190167
30,52,5,945122740
36,52,3,847057520
70,52,4,853954401
87,52,4,858623240
100,52,3,854194056
102,52,4,956600232
105,52,4,1085574005
148,52,4,1059504972
154,52,5,850917383
162,52,5,852791994
211,52,5,1460811527
224,52,4,828213150
242,52,4,956682964
256,52,4,851862320
306,52,4,939718327
312,52,3,959933805
343,52,1,881166707
344,52,4,853734890
358,52,4,957480336
361,52,4,864051274
383,52,4,852809131
387,52,4,974675154
390,52,3,867072918
406,52,4.5,1447952142
407,52,5,962647368
413,52,3,850890657
423,52,3.5,1353700719
434,52,4,886373239
451,52,4,979330046
452,52,3,976421944
463,52,4,1049913506
491,52,1,940796953
502,52,4,861302194
505,52,3,1340414299
509,52,4,939329345
514,52,4,853892898
528,52,3.5,1141605978
529,52,4,1086367263
537,52,3,879521002
548,52,4,857405496
564,52,5,974714756
580,52,2.5,1167161304
587,52,4,1111796480
614,52,4,1010620180
636,52,2,855227262
640,52,2,860951083
641,52,4,851304179
344,53,5,850726154
389,54,4,829492315
487,54,3,832837960
518,54,4,945364826
36,55,4,853005393
224,55,4,839010002
408,55,1,933112848
529,55,4,960265403
564,55,4,974842510
659,55,3,842858683
19,57,3,855192717
36,57,4,847057727
306,57,2,939724436
311,57,2,898008658
312,57,3,959993223
396,57,3,834999016
452,57,3,976421122
514,57,3,853896692
529,57,3,960264595
536,57,5,829471720
537,57,2,879507093
547,57,4,1135940915
564,57,4,974842470
575,57,3,1012606184
19,58,3,855190167
23,58,3.5,1148672099
28,58,5,938944078
36,58,5,847057363
63,58,0.5,1075307034
70,58,5,853954401
85,58,1,837506990
86,58,4,848161091
102,58,4,956598787
126,58,4,833286795
148,58,4,1059504946
201,58,4,1110498115
204,58,2.5,1096531266
224,58,3,828213150
233,58,3,854481720
240,58,4,1098940446
265,58,3,960061048
280,58,4,905583509
283,58,4,1114524529
330,58,4,948577603
342,58,5,945123389
357,58,5,832768932
358,58,5,957479201
359,58,4.5,1339234594
361,58,3,864051274
391,58,5,891532936
407,58,5,962646871
434,58,5,886372899
436,58,4,941458109
441,58,5,1079561308
468,58,3,1296197114
481,58,5,1437001711
490,58,4,851786330
493,58,4,954685352
509,58,3,939341261
510,58,4,946892906
511,58,5,829351964
529,58,4,1089218266
537,58,5,879502641
548,58,5,857405496
587,58,4.5,1112399554
628,58,3.5,1357725016
649,58,4,834425077
658,58,5,941489177
667,58,4,847271721
441,59,5,1048091888
608,59,3,958824728
3,60,3,1298861675
30,60,2,945277094
49,60,3,978039958
67,60,4,854714394
73,60,2,1470720095
119,60,2,913048438
128,60,3,1049690251
137,60,3,946411893
140,60,2,1398068334
150,60,2.5,1114309836
169,60,1.5,1234227391
182,60,4,845745009
188,60,4,841064073
195,60,2,975416589
213,60,2,1462644085
285,60,4,965089266
326,60,4,966009905
428,60,2,1304131480
447,60,3,832493413
461,60,2,1091959553
515,60,3,1285890709
534,60,3,973376609
536,60,4,829471720
564,60,1,974839888
580,60,3,1167163380
584,60,3.5,1271759947
602,60,3,842359168
603,60,3,868355519
615,60,3.5,1408779602
637,60,3,1231346573
654,60,3.5,1145393087
665,60,2,992909820
70,61,4,853954813
182,61,3,845746546
311,61,3,898007989
496,61,4,843218417
534,61,4,973440645
564,61,3,974843382
641,61,4,856747998
2,62,3,835355749
15,62,2,1093028336
18,62,4,856006886
23,62,4,1166728220
44,62,5,858707138
67,62,3,854711772
70,62,5,853954235
77,62,3.5,1163252918
86,62,3,848161498
87,62,1,858623186
88,62,3.5,1239758460
92,62,3,848526334
93,62,3.5,1304992545
100,62,3,854193977
119,62,4,913049366
154,62,3,850917310
159,62,3.5,1183519692
161,62,4,837629820
162,62,5,852792058
165,62,3.5,1111981437
173,62,4,875460345
182,62,5,845744284
188,62,3,841063743
192,62,5,843634148
211,62,5,1460811099
220,62,4,970516338
223,62,4,856532133
232,62,5,955093709
235,62,4.5,1112684858
245,62,5,1011238743
253,62,4.5,1215831457
256,62,4,851862204
263,62,3.5,1117842427
266,62,4,840452291
284,62,3,853878869
292,62,4,1140051231
294,62,3.5,1106700701
303,62,3.5,1299489556
306,62,3,939724163
311,62,2.5,1062015343
324,62,3.5,1451524516
338,62,4,841656782
343,62,2,881166685
345,62,3.5,1106949300
353,62,3.5,1114172352
382,62,3.5,1386364784
383,62,4,852806430
388,62,3,946528837
389,62,4,829491840
390,62,3,867072803
413,62,4,850890557
416,62,5,841446890
422,62,3,980860203
447,62,5,832493132
449,62,4,836927059
452,62,3,976420061
461,62,2.5,1091958551
464,62,5,829911793
468,62,2.5,1296195949
484,62,5,851345205
496,62,5,837510633
500,62,3.5,1228946126
502,62,3,861302126
507,62,4,862090955
509,62,3,939328501
514,62,3,853892833
527,62,3.5,1281233910
529,62,4,960264029
530,62,4,879014459
537,62,4,879503194
548,62,3,857405395
561,62,4,1172696487
564,62,1,974842721
575,62,3,1012605059
582,62,3.5,1122167595
588,62,3,842298422
603,62,5,868354978
607,62,3.5,1148586492
616,62,3,860572913
633,62,3,848518358
640,62,5,860950846
641,62,4,834984635
650,62,5,844883683
654,62,4.5,1145391949
658,62,5,941489024
659,62,3,844078288
665,62,3,995233543
19,63,3,855190349
26,63,0.5,1351544773
70,63,4,853954893
73,63,3.5,1304411684
95,63,4,1016317617
285,63,2,965093034
19,64,2,855193770
162,64,3,852792308
358,64,1,957479883
509,64,2,946277009
516,64,3,844688650
518,64,2,945363167
534,64,3,973375343
641,64,3,834802028
659,64,3,837271578
665,64,2,995233119
55,65,5,855927315
70,65,3,853954577
73,65,2,1255587668
113,65,4,844884932
135,65,1,844996036
239,65,2,991863117
297,65,0.5,1318703137
358,65,1,957795547
361,65,3,864051423
390,65,2,867072979
396,65,2,841835432
442,65,1,1227917301
468,65,0.5,1296192303
484,65,1,851345432
518,65,3,945365606
548,65,3,857405620
579,65,0.5,1325550979
624,65,1,1028111080
632,65,3,1263846190
636,65,2,855227321
177,66,1,907380378
361,66,4,864051423
396,66,2,839252578
564,66,1,974844872
624,66,2,1019133230
36,68,4,847058235
86,68,4,848160534
383,68,3,852809018
502,68,3,861302518
509,68,4,940013280
529,68,2,959965942
564,68,4,974713920
636,68,4,855227547
26,69,4.5,1351544454
39,69,3,832523276
73,69,4,1255851405
83,69,3.5,1156207469
94,69,3,1291777340
150,69,2.5,1114307227
207,69,5,1258440675
239,69,5,991858188
247,69,4,953189620
260,69,3,1207885633
285,69,4,965092287
350,69,5,1011715100
430,69,4,1111489768
472,69,4.5,1075915788
509,69,3.5,1093295992
514,69,3,854116294
534,69,3,973377169
548,69,4,857406991
580,69,3.5,1273518992
596,69,4,1147972002
598,69,4,1008571397
607,69,4,1144790547
11,70,1,1391656827
15,70,0.5,1093070467
19,70,4,855191324
22,70,3,1131661969
30,70,4,1007352836
34,70,4,973746231
39,70,5,832523201
43,70,2,974767953
73,70,3.5,1255596154
77,70,3.5,1163004464
95,70,4,1019023190
102,70,2,957980283
119,70,4,959734582
150,70,2.5,1113906876
165,70,5,1111480089
177,70,4,907380745
247,70,3,953272226
262,70,2,1433945801
276,70,3,1321811946
285,70,4,965089489
292,70,3.5,1140050566
299,70,4.5,1344188827
308,70,4,854376662
332,70,5,1147971495
355,70,3,1130107009
358,70,1,957534713
362,70,3.5,1218567120
384,70,4,1153759985
388,70,3,946520908
422,70,3,980860306
457,70,3,1471383662
461,70,2,1090908842
470,70,3.5,1234089783
482,70,3,949292302
509,70,1,939471667
520,70,1.5,1142444254
534,70,2,973375918
564,70,2,974708918
574,70,4,1232815545
580,70,2.5,1165292373
596,70,4,1138659867
598,70,2,1007344460
608,70,3,939362862
617,70,1,944893444
647,70,3,947292818
648,70,2,1140872227
654,70,3.5,1145392363
664,70,3.5,1343827611
103,71,1,1117751197
150,71,3,1114310004
311,71,1.5,1062015204
461,71,0.5,1090907750
496,71,5,834598137
564,71,2,974839391
652,71,4,1439581733
86,72,4,848161284
159,72,0.5,1183519180
254,72,4,845159047
353,72,2.5,1136869961
388,72,5,946523596
509,72,3,939329345
27,73,5,939079553
39,73,3,833532967
46,73,5,1366389910
80,73,5,844860517
86,73,3,848161182
122,73,4,832773302
175,73,4,1052884561
294,73,4,1047071337
324,73,4.5,1451527890
348,73,4,960838695
407,73,5,962646804
408,73,5,933033497
564,73,2,974841398
18,74,2,856007279
19,74,3,855190261
55,74,3,855927438
113,74,5,844885045
306,74,2,956081702
311,74,3,898007989
347,74,1.5,1463337048
361,74,4,864051423
389,74,4,829491839
416,74,3,841447506
434,74,2,886373792
452,74,2,1016590266
487,74,4,832837995
516,74,3,844687780
518,74,3,945362943
564,74,3,974842967
640,74,4,860951390
641,74,4,834802130
665,74,2,995232733
18,76,3,856007359
39,76,3,832523411
70,76,4,853954729
77,76,3.5,1163219726
92,76,3,848526084
159,76,3,1183518573
177,76,2,907380055
284,76,3,853879090
293,76,3.5,1064615891
361,76,4,864051563
396,76,3,838629626
484,76,5,851345499
548,76,3,857405676
564,76,4,974715792
650,76,3,844883925
492,77,4,898111123
564,77,4,974715861
25,78,3,859625874
30,78,2,945706968
102,78,4,957895295
119,78,3,945993516
284,78,2,853879320
434,78,4,886373239
502,78,4,862510043
514,78,4,853893226
564,78,4,974842547
659,78,2,853835268
18,79,2,856007147
55,79,3,855927172
70,79,4,853954485
90,79,3,875520648
110,79,1,840101128
113,79,5,844884793
128,79,5,1049683456
182,79,3,845745516
233,79,3,854481818
252,79,2,869101734
256,79,3,851862370
284,79,5,853878994
311,79,2,898008684
361,79,3,864051274
434,79,1,886373553
452,79,1,976421101
459,79,2,859210803
490,79,4,851786427
496,79,4,843218338
516,79,3,844687828
533,79,2,965318627
534,79,3,973440592
559,79,4,883676273
616,79,3,860573029
641,79,3,836882146
650,79,3,844883822
278,80,5,984560692
330,80,5,948577126
441,80,4.5,1055274300
573,80,4,946616810
18,81,3,856007495
24,81,4,849321769
70,81,4,853954893
86,81,5,848161391
90,81,4,875520409
111,81,3,1097431144
165,81,3,1111482441
223,81,3,856532544
284,81,3,853879165
343,81,4,881166884
358,81,1,957534758
380,81,2.5,1151120724
509,81,3,940013280
534,81,2,973377456
564,81,3,974716258
608,81,3,958825252
609,81,5,1029869519
659,81,3,847452032
15,82,5,1044220302
70,82,4,853954893
86,82,3,848161091
211,82,5,1460811588
224,82,4,845813990
254,82,5,845158605
344,82,4,850725819
388,82,2,965182946
555,82,3,863625433
667,82,3,847272167
311,83,3,898008016
383,83,3,852809207
514,83,3,853893246
510,84,4,947112271
18,85,4,856007495
86,85,4,848161221
112,85,5,852721004
154,85,4,850917507
224,85,4,828213150
312,85,4,959934721
405,85,4,1097698847
409,85,5,828212412
434,85,4,886373101
514,85,3,853893080
547,85,3,974810752
564,85,4,974842470
580,85,4,1155485539
602,85,5,842359533
636,85,5,855227416
659,85,3,843673922
18,86,4,856007409
67,86,5,854711958
70,86,4,853954813
95,86,4,1018816147
100,86,3,854194208
128,86,5,1049685242
215,86,3,860559829
223,86,5,856532509
233,86,3,854481964
284,86,4,853879130
361,86,3,864051563
416,86,3,841447389
452,86,3,976420610
491,86,1,940795660
534,86,5,973376511
564,86,4,974843206
650,86,5,844884124
518,87,3,945369382
564,87,1,974838063
605,87,1,980176907
33,88,3,1032678367
67,88,3,854711958
70,88,3,853954814
87,88,3,858623319
95,88,4,1016317721
100,88,2,854194208
239,88,2,991862480
306,88,3,948837547
361,88,4,864051563
388,88,3,946524155
416,88,3,841447506
423,88,3,1354045120
457,88,2.5,1471385106
468,88,1.5,1296192404
518,88,3,945365379
548,88,3,857405723
564,88,2,974838134
571,88,3.5,1334342448
579,88,0.5,1325550977
598,88,4,1014589144
603,88,3,868481896
632,88,4.5,1263846185
636,88,3,855227385
19,89,3,855193220
23,89,4,1148669357
80,89,3,844860250
113,89,4,844884932
128,89,5,1049683332
177,89,4,907380994
213,89,3.5,1462644085
311,89,3,898008016
452,89,3,976424143
487,89,3,832838523
496,89,4,843218356
518,89,3,945368183
534,89,4,973440359
537,89,3,879521128
564,89,3,974715602
650,89,4,844883864
659,89,2,842524638
18,92,3,856007409
70,92,5,853954814
154,92,3,850917507
294,92,3.5,1119925079
386,92,4,1047027832
390,92,2,867073966
396,92,3,841742711
514,92,4,853893059
564,92,5,974842216
596,92,3,1139334630
650,92,3,844884000
659,92,4,848313665
80,93,1,844860173
128,93,1,1049684039
168,93,2,848879389
188,93,3,841064610
243,93,2,1094222014
285,93,2,965092943
308,93,3,854376305
353,93,1.5,1143548997
396,93,4,834998961
564,93,2,974838350
607,93,3,1113404955
15,94,3,1166587063
19,94,3,855190290
67,94,3,854711941
102,94,2,957895047
211,94,3,1460811622
224,94,4,830633251
343,94,3,881167085
351,94,4,975637114
434,94,3,886373388
441,94,4.5,1078145577
452,94,4,976420414
460,94,2.5,1072836469
472,94,4,1017534656
487,94,3,832837830
509,94,4.5,1093278348
511,94,4,829351964
527,94,4.5,1281233318
547,94,3.5,1053172557
564,94,4,974842510
641,94,4,850021227
652,94,4,1439585348
654,94,4,1145393671
15,95,1.5,1093028331
18,95,3,856006886
19,95,3,855190091
21,95,3,853157476
24,95,3,849321588
44,95,3,858707138
47,95,3,832229161
50,95,3,847412837
55,95,3,855926941
67,95,1,854711771
70,95,5,853954235
77,95,1.5,1163253105
80,95,2,844860022
87,95,3,858623186
88,95,2,1239764336
92,95,3,848525971
100,95,3,854193977
105,95,2.5,1088058158
110,95,5,840100644
111,95,3,1097430874
112,95,3,852720866
119,95,2,913232674
121,95,4,833058545
126,95,3,833286594
150,95,3,1116309622
151,95,3,847297041
152,95,3.5,1335948357
161,95,4,837629733
175,95,4,1052836094
177,95,4,907380781
182,95,3,845744218
194,95,3,848098479
195,95,3,975418995
212,95,3.5,1218403885
213,95,2,1462639100
224,95,3,828213150
232,95,4,955087429
233,95,3,854481605
242,95,4,956684660
252,95,4,869101312
256,95,3,851862204
284,95,3,853878868
292,95,3.5,1140051213
295,95,4,1100132733
311,95,3,898008040
312,95,2,959931670
318,95,4,862902604
319,95,3,834759756
329,95,3,867072005
353,95,2.5,1112269639
355,95,3,1130106030
367,95,4,1128631025
383,95,3,852806429
384,95,2,1156526026
385,95,2,836679405
389,95,5,829491839
390,95,3,867072802
394,95,3,1298379707
413,95,4,850890557
418,95,3.5,1132178363
434,95,3,886373186
442,95,1,1227969045
459,95,4,859210691
460,95,3.5,1072838019
464,95,5,829911793
487,95,5,832836467
490,95,4,851786086
496,95,4,837017561
507,95,3,862090955
516,95,4,844687287
517,95,4,846450097
518,95,4,945370057
530,95,5,880081389
534,95,4,973376368
535,95,3,838631510
537,95,2,879521715
548,95,3,857405395
555,95,1,857380156
559,95,4,883675795
562,95,3.5,1167428859
564,95,3,974839108
577,95,3.5,1111475421
589,95,4,838902719
593,95,4,835464565
605,95,3,980175720
607,95,2,1148585841
608,95,3,939363985
624,95,2,1019124644
627,95,2,1201381346
640,95,3,860950846
641,95,3,834636796
650,95,4,844883654
667,95,3,847271534
391,96,1,891532936
19,97,4,855190550
86,97,4,848161123
262,97,3,1433899624
457,97,3.5,1471383765
510,97,3,949223114
552,97,4,843325101
602,97,5,842359168
648,97,4.5,1182033732
73,98,3,1406172306
312,99,5,959938819
564,99,4,974712184
605,99,1,980194873
640,99,1,860951719
18,100,4,856007279
30,100,4,945277812
55,100,3,855927437
70,100,4,853954577
80,100,2,844860266
162,100,3,852792221
173,100,4,876821498
224,100,4,828213150
232,100,5,955094079
233,100,3,854481871
242,100,4,956686165
256,100,3,851862443
284,100,5,853879034
311,100,3,898008040
361,100,3,864051423
383,100,3,852809531
388,100,2,973840218
434,100,3,886373835
452,100,3,976420764
507,100,2,862091570
511,100,5,829351964
15,101,4,1134522072
19,101,3,855190531
56,101,4,1467007782
73,101,3.5,1312496282
83,101,3.5,1156206709
119,101,2,952582537
143,101,5,1149650173
275,101,4.5,1371674285
309,101,5,1114566949
388,101,4,946523209
408,101,3,933116428
434,101,5,886373634
461,101,3.5,1090908846
472,101,4,1004423372
509,101,4.5,1095897708
580,101,4,1165900819
624,101,3.5,1076328586
135,102,3,844996094
223,102,3,856532509
232,102,2,955091997
311,102,0.5,1062015825
358,102,1,957795493
390,102,3,867073883
487,102,3,832838036
518,102,3,945365111
564,102,4,974838601
636,102,3,855227385
641,102,3,851304419
224,103,4,828213150
284,103,4,853879267
434,103,3,886373489
564,103,5,974844826
5,104,4,1163374639
7,104,3,851866744
15,104,1,1093070113
23,104,3.5,1148730116
25,104,4,859625336
43,104,2,974769666
44,104,4,858707248
55,104,5,855927131
56,104,4,1467005618
61,104,4,1216051937
67,104,3,854711830
69,104,4,1366831788
70,104,3,853954401
73,104,2.5,1255843848
74,104,4,942703730
87,104,4,858623240
88,104,0.5,1239764721
91,104,4,1448814310
94,104,2.5,1291781042
105,104,3.5,1100533831
113,104,5,844884632
120,104,5,1167420288
125,104,4,1269735058
130,104,1.5,1140723854
135,104,3,844995987
136,104,4.5,1405977509
149,104,1,1436923406
150,104,5,1114307365
164,104,4,1180653733
165,104,4,1111482096
187,104,4,1241225121
195,104,1,976289312
201,104,3,1110498315
212,104,3,1218404119
213,104,2,1462638072
217,104,4.5,1108160819
219,104,5,974474544
239,104,4,991858274
247,104,4,953361934
252,104,3,869101615
253,104,3.5,1215831650
268,104,3.5,1314894977
271,104,2,1107784941
285,104,4,965092082
294,104,3.5,1062536923
297,104,2,1318706475
329,104,3,867072073
350,104,5,1003179103
353,104,3.5,1137410803
358,104,1,957480355
380,104,4,994729376
382,104,1,1371829029
387,104,3,974675189
388,104,2,946523617
390,104,1,867072884
408,104,3,933115239
416,104,3,841447169
417,104,2.5,1112466691
425,104,3,1112383604
430,104,2,1111488812
433,104,3,1417930773
442,104,4.5,1227969247
452,104,1,976421834
457,104,3.5,1471384806
459,104,4,859210761
461,104,3.5,1091958722
462,104,4.5,1115312685
468,104,2,1296195992
473,104,3.5,1425644175
479,104,4,1410192250
484,104,3,851345320
487,104,3,832837436
502,104,4,861302194
509,104,2,978938551
518,104,4,945364980
519,104,4,1469927080
535,104,3,838640301
559,104,4,903143278
561,104,4,1172696470
564,104,2,974833057
570,104,3.5,1475806221
574,104,3,1232810986
580,104,3,1165900726
584,104,3.5,1276157226
592,104,5,995420003
598,104,5,1008571412
603,104,4,868355076
605,104,4,980194759
607,104,3,1113319389
624,104,3,1221250916
640,104,3,860951083
648,104,3,1138479600
654,104,4.5,1145389608
665,104,4,993346305
19,105,3,855192656
66,105,2,974597659
80,105,3,844860062
86,105,3,848161330
99,105,3,938587407
105,105,3.5,1088058675
111,105,0.5,1097429180
113,105,5,844884467
121,105,3,833058633
182,105,4,845744430
193,105,4,971217587
232,105,4,955093134
255,105,4,1236980398
266,105,3,840452329
283,105,3,1114524648
288,105,3,845862667
306,105,2,956081775
311,105,4,898096102
312,105,5,959934810
325,105,2,1356316532
338,105,3,841656923
385,105,3,836679499
388,105,2,946508346
405,105,3.5,1061357222
411,105,4,944930722
419,105,3.5,1110049610
447,105,4,832493108
452,105,1,976420744
458,105,3.5,1337555657
461,105,2.5,1091959001
485,105,2.5,1337748405
493,105,4,954685326
496,105,5,834060152
529,105,4,959966328
534,105,2,973375193
537,105,4,879521206
548,105,4,857407872
551,105,3,843274391
555,105,2,842284753
564,105,4,974716299
573,105,2,946616709
605,105,2,980174106
650,105,3,844883711
654,105,4,1145392423
659,105,3,834694937
665,105,1,995232826
666,105,3,838921278
667,105,3,847271573
15,107,2,1166586594
20,107,3.5,1224042765
67,107,3,854711884
70,107,5,853954577
73,107,3,1255742407
89,107,4,1257610324
154,107,4,850917436
172,107,5,843291455
173,107,3,875357448
175,107,4,1052884580
177,107,3,907380964
284,107,2,853879034
294,107,4,1047071430
301,107,1,1245880619
361,107,4,864051423
420,107,4,892822150
434,107,2,886373716
468,107,3,1296202861
514,107,2,853895942
534,107,4,973376684
543,107,5,866931807
564,107,4,974837418
575,107,4,1012594949
602,107,4,842358299
624,107,4,1019125396
640,107,3,860951390
654,107,4,1145393093
564,108,4,974713920
2,110,4,835355532
3,110,4,1298922049
7,110,5,851868188
8,110,4,1154473268
13,110,4,1331380038
15,110,3,1040205792
19,110,3,855193530
20,110,2,1238729747
23,110,3.5,1148669588
28,110,4,938944407
30,110,5,945122218
32,110,5,834828155
34,110,4,973747427
38,110,4,1390332781
39,110,5,832523550
41,110,4,1107100653
42,110,4,1473258241
43,110,5,974767808
47,110,5,832228979
48,110,4,1319746142
50,110,4,847412607
57,110,5,907762500
64,110,4,843159967
66,110,4,974600526
67,110,5,854713313
72,110,3.5,1461784365
73,110,4,1255508598
74,110,5,942705318
77,110,3.5,1163013335
78,110,1.5,1274050758
82,110,5,835973458
84,110,4,1429910930
85,110,5,837506903
86,110,3,848161539
89,110,5,1257620127
91,110,5,1448798142
92,110,5,848525661
94,110,4.5,1291779579
97,110,1,1460342434
99,110,3,947519500
104,110,4.5,1446673724
105,110,3.5,1086093600
108,110,3,843302110
111,110,4,1097429291
119,110,5,913047936
121,110,5,836905999
124,110,5,1147862138
128,110,5,1049683003
130,110,3,1138999206
133,110,2.5,1416147058
134,110,3,1361245653
139,110,3.5,1066860908
145,110,4,845421721
150,110,4.5,1113907087
151,110,4,847296748
152,110,0.5,1335947944
153,110,3,1046738981
155,110,4,943350687
159,110,4,1183519810
163,110,4,1390766930
164,110,3,1182619735
165,110,4.5,1111912930
168,110,3,848866642
171,110,5,950556269
178,110,3.5,1437422963
182,110,5,845743855
185,110,4,1003523170
188,110,5,841063586
191,110,3,839925631
194,110,4,848098284
195,110,3,975417183
199,110,4.5,1214912749
200,110,3.5,1438019199
201,110,5,1110497333
205,110,3,1442148308
211,110,5,1460811378
212,110,5,1218399244
213,110,2.5,1462640515
214,110,5,978128748
217,110,4,1108160687
220,110,4,970498296
224,110,5,828214011
225,110,4,845565809
232,110,5,955086825
235,110,2.5,1111625366
237,110,1.5,1102009612
242,110,5,956683581
243,110,4,1094223796
244,110,3.5,1448175818
245,110,5,1011238790
247,110,5,953101834
248,110,5,1031528748
251,110,4,1476478090
253,110,5,1215831113
257,110,1.5,1348432136
261,110,5,1101665515
262,110,3,1433900727
263,110,3.5,1117843310
268,110,4.5,1314894053
271,110,4,1107785277
275,110,5,1345335389
277,110,5,1463682624
279,110,4,838231410
282,110,4.5,1111493409
285,110,5,965093169
288,110,5,845862252
292,110,4,1140051043
293,110,3.5,1064616293
294,110,3,1054068398
295,110,4,1100132070
300,110,5,1108043921
306,110,3,939715834
311,110,3,898008040
313,110,5,1105354565
319,110,4,834759497
324,110,4,1451524229
328,110,4,1148005847
330,110,4,948575949
338,110,3,841656284
339,110,4.5,1446663189
344,110,4,850725246
345,110,4.5,1106949154
346,110,2,1044651821
353,110,3.5,1112268696
355,110,4,1130103927
358,110,1,957481791
363,110,1,938890781
369,110,5,847465494
370,110,4,1096510780
371,110,4.5,1462745271
375,110,3,845491999
379,110,4,1378180018
380,110,5,949368612
383,110,3,852810325
384,110,4.5,1153421550
385,110,3,836679129
388,110,5,946509960
389,110,5,829492315
390,110,3,867076005
391,110,4,891533562
394,110,2.5,1298378793
395,110,3,953006694
396,110,3,834998326
400,110,5,840205154
405,110,2,1097696563
409,110,4,828213115
410,110,5,1434057934
412,110,3,993088283
415,110,5,848984824
417,110,5,1112585177
421,110,5,835170129
423,110,3.5,1353690717
430,110,4,1172908379
431,110,5,1165547659
440,110,5,835337057
441,110,3,1078145992
442,110,4.5,1227918685
447,110,5,832492911
452,110,4,976425416
457,110,3,1471383479
458,110,4,1365115659
461,110,4,1091958415
463,110,5,1049912928
468,110,3,1296195515
473,110,5,1425644210
475,110,4,1447414544
480,110,4,1272668411
483,110,4,1465387307
487,110,5,832836352
495,110,5,846384274
496,110,5,834059873
500,110,3.5,1228920957
505,110,2.5,1340410027
509,110,5,939339943
513,110,5,843771870
514,110,3,853893691
516,110,4,844687118
517,110,5,846449954
522,110,4,1391350258
523,110,5,1202234713
525,110,5,1024929678
527,110,3.5,1281233623
532,110,3.5,1076971757
533,110,3,965316446
534,110,5,973375708
535,110,4,838630736
536,110,5,829471719
538,110,4,831835741
544,110,4,1442495635
545,110,1,938568473
548,110,5,857405917
550,110,3,943372349
553,110,5,1423009741
555,110,3,863626004
559,110,5,903143929
562,110,4,1167426634
564,110,1,974711555
569,110,3,965070746
570,110,3,1475783266
577,110,4.5,1111475136
580,110,4.5,1155485834
584,110,5,1271762454
585,110,4,975365641
586,110,1,1214234005
588,110,5,842298189
589,110,3,838902121
590,110,5,848677459
592,110,4,995419352
594,110,5,938962157
596,110,4,1138660509
598,110,4,1008571627
602,110,3,842356080
603,110,5,868356124
605,110,3,980175636
607,110,4.5,1113319478
623,110,4,1225255881
627,110,4,1201381096
628,110,1.5,1413103944
629,110,5,841414056
632,110,5,1263871078
639,110,4,832450943
654,110,4.5,1145390184
658,110,4,941488542
659,110,3,839842574
664,110,4,1343731865
666,110,2,838920959
667,110,4,847271334
670,110,3,938782093
6,111,4,1109258212
15,111,5,997938500
17,111,5,1127469023
19,111,5,855191324
23,111,5,1148671365
27,111,4,939076893
30,111,4,945113485
31,111,4.5,1273714533
36,111,4,847057202
48,111,3,1439687078
53,111,4,955192120
56,111,4,1467005298
59,111,2.5,1144755826
60,111,4.5,1125829229
62,111,4,1451708754
73,111,3.5,1255502716
77,111,4,1183920234
78,111,3.5,1274050991
81,111,4,1307172367
94,111,3.5,1291780487
102,111,5,956590822
105,111,4,1085574450
118,111,4,951009296
119,111,5,913047839
125,111,4,1244538123
128,111,1,1049682562
133,111,0.5,1416151676
147,111,5,1405202753
152,111,3.5,1335948381
159,111,4,1183518995
160,111,4,974255599
164,111,4.5,1182619786
165,111,4,1111981448
168,111,5,848866943
171,111,5,950556231
177,111,4,907380710
178,111,4.5,1437424662
193,111,5,971215659
195,111,2,977743492
199,111,4,1214913146
214,111,5,978418166
215,111,4,860560442
231,111,4,977005465
232,111,5,955092541
236,111,4.5,1109968034
240,111,5,1099264401
242,111,5,956688563
250,111,4,1469700534
257,111,5,1338008367
262,111,3.5,1433899517
265,111,4,960056180
268,111,3,1314894641
278,111,4,984560713
290,111,4,1445337282
297,111,3.5,1318704981
299,111,4.5,1344185877
312,111,5,959931004
324,111,3.5,1451524657
345,111,5,1106948533
348,111,5,960838178
358,111,5,957535373
360,111,5,967345139
373,111,4,938980398
385,111,5,836679223
386,111,4,1047027613
387,111,5,974791195
388,111,5,946525718
391,111,3,891534239
406,111,5,1447952609
423,111,5,1353690587
428,111,5,1304136728
433,111,5,1417930670
434,111,4,886376254
436,111,4,941457768
447,111,3,832492988
450,111,5,1449354173
452,111,4,1002941559
457,111,5,1471384449
461,111,3.5,1091958595
468,111,4,1296193008
472,111,4,939072776
475,111,4.5,1447072049
476,111,4,971680962
481,111,5,1437001061
483,111,3,1465387417
499,111,5,965247885
501,111,0.5,1283137802
505,111,3,1340405130
509,111,5,1093278375
511,111,5,829351964
514,111,5,853893691
519,111,4,1468758621
520,111,5,1142024764
528,111,3.5,1141605268
529,111,4,959964034
533,111,3,965316145
538,111,5,831835877
544,111,4.5,1435785957
545,111,5,938567835
547,111,5,974809870
558,111,5,965485573
563,111,4.5,1410035958
564,111,3,974840746
574,111,5,1232810609
577,111,5,1111475492
580,111,4.5,1155485961
587,111,4,1111102724
595,111,5,965162852
596,111,5,1138658397
608,111,5,939360997
618,111,5,1009556353
619,111,5,831923679
635,111,3.5,1448301764
639,111,5,832450970
647,111,5,947292570
648,111,3,1138477880
658,111,5,941489475
664,111,4,1393890345
4,112,5,949810582
7,112,4,851866720
15,112,2.5,1093070156
19,112,3,855190128
21,112,4,853157544
55,112,3,855927131
63,112,3,1075307039
67,112,3,854711804
70,112,5,853954323
73,112,3.5,1348568488
80,112,4,844860085
87,112,3,858623240
92,112,4,848526594
119,112,3,913128316
121,112,3,833058866
150,112,4,1140424494
165,112,2,1111981621
173,112,4,875460476
188,112,4,841064029
195,112,1,977724281
204,112,2.5,1096531212
217,112,3,1108160047
221,112,3,1111551574
254,112,3,845157634
261,112,0.5,1101665410
285,112,3,965542313
294,112,3,1054068512
295,112,3,1100129158
305,112,3,947402392
312,112,2,959931646
346,112,4,1159125081
353,112,2,1111488891
354,112,5,846062521
390,112,4,867072884
413,112,3,850890598
423,112,4,1354044911
490,112,4,851786277
502,112,4,861302194
507,112,4,862091445
514,112,3,853894491
516,112,3,844687456
548,112,3,857405496
564,112,3,974714526
575,112,4,1012598425
580,112,3.5,1155484637
608,112,3,958825015
647,112,4,947293302
649,112,3,834425102
654,112,4,1145392148
223,113,2,856532642
452,113,3,976421014
564,113,4,974841992
641,113,3,850021361
659,113,4,851960210
555,114,3,857379668
86,116,4,848160534
358,116,5,957481511
547,116,4.5,1135940972
564,116,5,974714920
640,116,5,860952793
641,116,5,835844561
102,117,4,958248486
299,117,4,1344427521
472,117,3,1006929225
514,117,4,853893246
608,117,2,958824838
609,117,1,1029870084
30,118,3,994458116
162,118,3,852792392
509,118,3,946277116
564,118,4,974838315
605,118,1,980195404
452,119,3,976423036
86,121,3,848161182
135,121,4,844996191
472,121,4,939691618
558,121,4,965485415
564,121,4,974832475
19,122,3,855194378
110,122,4,840100908
111,122,3.5,1097514612
168,122,3,848879277
219,122,4,974496506
254,122,3,845157670
311,122,2.5,1076968358
344,122,3,850726963
388,122,3,965183831
416,122,3,841447089
461,122,1.5,1090907623
487,122,3,832837343
518,122,3,945362083
522,122,2.5,1391353786
536,122,3,829471719
564,122,4,974837051
593,122,3,840996303
624,122,2,1019128536
665,122,4,993347490
15,123,4,997938358
408,123,5,933034637
429,123,4,1238950945
472,123,3,949996107
547,123,4,974810704
587,123,3,1112457155
608,123,5,958825441
86,124,3,848161391
15,125,3.5,1245362506
19,125,3,855191429
102,125,4,957895967
121,125,3,833059070
224,125,4,830633279
312,125,5,959933805
388,125,4,946523325
439,125,3,1041114960
472,125,5,939072152
491,125,4,940797129
502,125,4,861322517
509,125,4,942930627
511,125,3,829351964
537,125,1,879507205
545,125,3,938568630
547,125,5,1370674374
564,125,5,974832624
585,125,4,975363505
587,125,4.5,1112457007
605,125,2,980177469
652,125,4,1439589051
11,126,4,1391657561
86,126,1,848160230
132,126,4,1283414558
182,126,3,845745742
232,126,3,955088485
420,126,3,892823079
518,126,3,945362544
525,126,3,1024929518
551,126,2,843274947
564,126,1,974839930
665,129,3,995232528
41,130,4.5,1093889645
564,131,2,974842775
110,132,4,840101305
254,132,3,845157775
306,132,3,939901886
330,132,1,948576723
463,132,2,1051643569
516,132,3,844687647
536,132,3,829471720
564,132,4,974844767
44,135,4,858707310
70,135,4,853954485
100,135,3,854194086
110,135,4,840101394
113,135,5,844884853
127,135,5,842323288
135,135,1,844996017
152,135,1.5,1335899920
217,135,3.5,1108160890
239,135,4,991862216
252,135,4,869101734
306,135,1,956081971
311,135,3,898008136
313,135,4,1101033638
361,135,3,864051274
389,135,4,829491839
390,135,2,867072919
459,135,2,859210803
465,135,1,1170652740
468,135,1.5,1296198467
516,135,4,844687869
524,135,3,1256285340
551,135,3,843275050
559,135,3,883676143
624,135,2,1178982000
637,135,2.5,1231346553
641,135,3,850023534
564,137,1,974840424
18,140,3,856007147
113,140,5,844884853
128,140,5,1049683791
162,140,4,852792019
233,140,3,854481818
256,140,3,851862371
284,140,3,853878994
306,140,3,956083044
311,140,2,898008716
358,140,3,957479575
361,140,3,864051357
412,140,4,993088995
416,140,3,841447673
493,140,4,954685631
496,140,4,834598470
509,140,2,940013391
516,140,4,844687882
616,140,4,860573066
640,140,3,860951277
641,140,4,835844812
650,140,4,844883843
652,140,4,1439584906
665,140,3,995232826
4,141,5,949919681
5,141,4,1163374242
7,141,4,851866704
18,141,4,856006885
19,141,3,855190091
30,141,4,951010161
44,141,2,858707138
55,141,4,855926941
67,141,1,854711771
70,141,5,853954235
77,141,3,1163253085
78,141,4,1274050945
80,141,3,844860022
83,141,4,1156207607
86,141,4,848159382
87,141,4,858623186
88,141,4.5,1239764330
90,141,3,875518226
92,141,4,848526274
100,141,3,854193977
111,141,3.5,1097432358
112,141,4,852720866
119,141,4,913049888
130,141,2.5,1138999333
134,141,5,1361245810
161,141,5,837629733
162,141,5,852792058
172,141,3,843291407
182,141,4,845744250
187,141,4,1233516836
211,141,5,1460811761
213,141,2,1462639009
223,141,3,856532133
232,141,3,955091364
233,141,4,854481605
235,141,3.5,1112684837
239,141,4,991858523
240,141,3.5,1098943401
242,141,3,956683116
256,141,4,851862204
292,141,4,1140051198
306,141,4,939719150
312,141,2,959934241
319,141,5,834759756
324,141,4,1451524426
328,141,3.5,1148006136
338,141,3,841656696
345,141,3.5,1106949270
357,141,3,832768749
358,141,3,957794739
383,141,3,852806429
387,141,4,974674711
390,141,5,867072802
403,141,3,850779492
413,141,3,850890557
430,141,4,1172909136
434,141,1,886372899
442,141,4.5,1227969028
447,141,4,832493063
461,141,2,1090907982
462,141,4,1115312652
472,141,2.5,1156728938
487,141,5,832836515
490,141,4,851786086
496,141,2,834060114
505,141,3,1340413719
506,141,3,865395298
507,141,3,862090954
508,141,4,844376344
518,141,4,945364027
523,141,4,1202234912
529,141,3,959966607
535,141,3,838631510
537,141,4,879506811
543,141,5,866932242
547,141,1,1022680628
548,141,4,857405395
561,141,4,1172734877
562,141,4,1167428848
564,141,4,974832931
574,141,4,1232810831
580,141,2.5,1165899805
590,141,4,848677687
593,141,5,835464565
596,141,4,1138658777
607,141,3,1144790824
616,141,3,860572913
636,141,3,855227186
640,141,5,860950846
641,141,5,834802101
649,141,3,834424931
650,141,1,844883654
654,141,4,1145391918
2,144,3,835356016
36,144,4,847057626
86,144,3,848161353
182,144,3,845745457
242,144,4,956683189
306,144,3,939718243
344,144,3,850726013
356,144,3,1168393789
358,144,4,957480683
388,144,3,946523545
391,144,5,891533787
407,144,4,962647874
420,144,4,892822057
452,144,3,976422042
461,144,1.5,1091959648
472,144,4,944321656
492,144,2,898111194
509,144,4,939329728
514,144,3,853895135
536,144,5,829471719
537,144,3,879520566
547,144,2,978953694
555,144,4,842284740
602,144,1,842359298
659,144,3,835642346
667,144,5,847271757
15,145,3.5,1134521543
19,145,4,855193720
36,145,3,847057301
39,145,3,832523738
73,145,3,1255596442
92,145,3,848526572
101,145,3.5,1292402318
119,145,4,913050230
128,145,4,1049684584
134,145,1,1361244182
148,145,2,1059530841
150,145,2.5,1116309027
161,145,3,837630800
165,145,3.5,1111981751
168,145,3,848879177
189,145,2,968095049
200,145,4.5,1437933154
212,145,2.5,1260705114
247,145,3,953271790
254,145,3,845157552
290,145,4.5,1445337402
332,145,4.5,1147971536
339,145,3.5,1446664152
380,145,3,949368908
384,145,3.5,1153158050
385,145,4,836679646
388,145,3,946520884
432,145,4,1138381599
455,145,3,1110395177
457,145,2,1471385443
473,145,4.5,1425645124
487,145,4,832836701
516,145,3,844687413
546,145,3,1300579094
550,145,4,959487219
552,145,3,843323102
564,145,2,974838971
572,145,4.5,1436885174
574,145,3.5,1232914790
580,145,2,1167161239
589,145,3,838903038
596,145,4.5,1142088861
624,145,4,1019124465
182,146,5,845745929
254,146,4,845158616
605,146,4,980174717
36,147,3,847057765
56,147,2,1467003504
73,147,4.5,1283940446
86,147,5,848161267
102,147,4,957894564
153,147,4,1046739545
166,147,4.5,1064888637
187,147,4,1241388228
212,147,2,1228784984
254,147,3,845159135
293,147,4,1064616812
430,147,4.5,1111579932
457,147,4,1471383839
487,147,4,832837759
509,147,3,939343145
514,147,4,853894074
564,147,2,974842510
580,147,4.5,1156127875
596,147,3.5,1138661955
602,147,3,842359924
627,147,4,1201378051
575,148,4,1012605106
15,149,5,1075142933
224,149,5,828214011
254,149,4,845158626
564,149,5,974842655
608,149,4,958824947
647,149,3,947292818
2,150,5,835355395
5,150,4,1163374404
15,150,3,997939380
19,150,3,855191289
20,150,3,1238729755
23,150,3.5,1148672933
24,150,3,849282414
30,150,5,945122277
32,150,5,834828059
34,150,4,973746527
39,150,4,832523013
47,150,4,832228796
50,150,3,847412515
58,150,5,961128124
59,150,4,1144756061
63,150,4,1079098211
64,150,3,843159644
68,150,4,1194743603
72,150,3.5,1461784569
73,150,3.5,1286701620
78,150,3.5,1327289203
79,150,2.5,1182994636
82,150,4,835973379
83,150,5,1156206932
86,150,4,848159074
88,150,4,1239763733
92,150,3,848525510
93,150,4,1304992002
94,150,5,1291779548
102,150,4,957893991
104,150,4,1446674277
105,150,3,1100529775
110,150,5,840100361
111,150,4,1098045292
121,150,4,833058355
122,150,3,832772925
125,150,4.5,1269734153
126,150,5,833286399
130,150,4,1138999203
142,150,3,997098002
144,150,3,837455152
145,150,3,845421514
146,150,4,1256071106
151,150,5,847296585
152,150,3.5,1335947956
159,150,3.5,1183519814
161,150,4,837629353
163,150,4.5,1390766905
168,150,4,848866570
172,150,4,843290451
177,150,5,907380653
182,150,5,845743682
185,150,3,1003524274
188,150,5,841063490
191,150,4,839925515
194,150,4,848098173
195,150,3,977743614
201,150,5,1110497331
212,150,4,1218403258
213,150,1.5,1462640603
224,150,5,828214011
225,150,4,845565685
232,150,4,955092811
240,150,4,1098943139
241,150,2,847339376
242,150,5,956683697
243,150,2.5,1094223791
253,150,4,1215831121
254,150,3,845158754
261,150,3.5,1101665513
266,150,5,840452108
268,150,4.5,1314894059
273,150,3.5,1466946012
279,150,4,838231079
281,150,3.5,1113685111
282,150,4.5,1111493750
283,150,4,1114997929
286,150,5,979179600
288,150,3,845862084
290,150,4,1445337630
292,150,4,1140050126
295,150,4.5,1100132064
300,150,4.5,1108044940
304,150,4,1352654938
306,150,4,939721148
308,150,3,854376500
311,150,5,898096050
313,150,3.5,1105354563
317,150,4,847633374
324,150,4,1451525052
328,150,4,1148005838
330,150,2,948577776
338,150,4,841656066
342,150,5,945124003
353,150,2,1112268690
355,150,3,1130104834
365,150,5,1359307169
369,150,4,847465333
375,150,5,845491809
380,150,4,1115007153
382,150,3,1371773058
383,150,4,852810325
385,150,4,836678950
388,150,4.5,1097625220
389,150,4,829492315
391,150,2,891533670
396,150,5,834998231
400,150,4,840205051
402,150,4.5,1443394942
407,150,5,962646954
408,150,3,933036283
409,150,4,828213114
415,150,3,848984676
416,150,3,841446597
418,150,4,1132178166
421,150,4,835169969
426,150,4.5,1310374587
430,150,4,1172908407
431,150,4,1165548458
432,150,4.5,1271227581
434,150,3,886374328
437,150,5,831691372
440,150,5,835336935
441,150,3.5,1078145987
442,150,4,1227918270
447,150,4,832492563
449,150,4,836908387
452,150,4,976419605
461,150,3,1090907363
466,150,4,945139757
468,150,3,1296191153
471,150,4.5,1239659215
472,150,3,939691973
479,150,5,1409005120
480,150,4.5,1339456571
487,150,4,832836228
495,150,4,846384142
496,150,4,834059753
502,150,3,861322705
508,150,5,844375898
509,150,3,939342347
511,150,4,829352433
513,150,3,843771752
514,150,4,853895900
523,150,3.5,1202234719
533,150,4,965317882
534,150,5,973377664
536,150,5,829471719
537,150,4,879502514
538,150,4,831835552
544,150,5,1435786826
547,150,4,1149297271
548,150,3,857406114
551,150,4,843273952
555,150,3,842288304
556,150,5,842019335
559,150,5,903143360
560,150,4.5,1452849346
561,150,4,1172696363
562,150,4.5,1167428713
563,150,2.5,1380354913
564,150,3,974712574
565,150,3,954602761
568,150,3,835002195
570,150,3.5,1475783700
571,150,4,1334343718
574,150,3,1232810662
577,150,4.5,1111475130
587,150,4.5,1111347514
588,150,4,842298010
589,150,4,836109171
590,150,5,848677295
592,150,4,995420234
593,150,4,835462855
595,150,4,965078298
596,150,3.5,1138662118
599,150,1.5,1329892590
602,150,3,842355955
603,150,4,868355405
605,150,4,980174894
607,150,4,1113319685
619,150,5,831921736
623,150,4,1225255893
624,150,3,1019137611
627,150,3,1201381127
629,150,3,841414022
632,150,4,1263871174
633,150,4,848517899
639,150,4,832450891
641,150,4,834636219
649,150,4,834424671
653,150,4,948160595
654,150,5,1145390280
657,150,4,841960681
658,150,5,941489110
659,150,5,834598040
662,150,4,839022109
666,150,4,838920789
667,150,4,847271221
670,150,3,938782006
7,151,4,851868206
21,151,4,853846547
36,151,3,847058110
57,151,5,907763808
63,151,0.5,1075307036
67,151,5,854714367
83,151,0.5,1156205069
86,151,4,848161799
92,151,3,848526334
105,151,3.5,1085581733
119,151,3,913048077
168,151,3,848879076
194,151,3,848098528
204,151,3,1096531207
212,151,3,1218955011
224,151,4,828214012
232,151,2,955085936
243,151,3,1094224324
248,151,4,1031528925
253,151,4.5,1215831823
279,151,3,838231842
328,151,3.5,1147995739
353,151,2.5,1111488897
354,151,5,846062587
370,151,4,1096511390
385,151,4,836679344
389,151,4,829492316
391,151,2,891533961
396,151,5,834998402
407,151,3,962648320
421,151,4,835170327
447,151,3,832493012
463,151,3,1050439020
496,151,5,834060075
509,151,4,939340720
513,151,5,843771936
514,151,4,853894100
534,151,3,973374324
537,151,4,879521639
555,151,3,832091115
564,151,5,974713031
569,151,4,965070759
590,151,4,848677713
639,151,4,832451002
649,151,3,834424903
658,151,5,941488989
659,151,4,834692716
667,151,3,847271431
10,152,4,942766793
564,152,4,974712704
580,152,3.5,1165292250
2,153,4,835355441
4,153,4,949811346
15,153,1,1128274517
19,153,3,855193751
20,153,4,1238729818
22,153,3,1131662452
23,153,3,1148720873
26,153,3.5,1360088114
32,153,4,834828085
39,153,3,832523045
47,153,4,832228859
64,153,5,843159716
73,153,1,1281668214
74,153,4,942703172
82,153,3,835973398
85,153,4,837506803
88,153,2,1239763939
92,153,3,848525554
105,153,3,1085581726
108,153,3,843301948
110,153,3,840100386
114,153,3,838365897
116,153,1.5,1163454706
119,153,1,913232864
121,153,3,833058390
122,153,3,832772980
126,153,4,833286421
128,153,3,1049684855
130,153,0.5,1138998386
132,153,3.5,1285244965
134,153,3,1361246182
144,153,3,837455212
145,153,5,845421597
146,153,2,1256071554
150,153,3,1114306717
151,153,1,847296625
161,153,3,837629381
163,153,0.5,1390767109
168,153,3,848866602
188,153,3,841063511
191,153,2,839925540
201,153,4,1110497391
212,153,2.5,1218404711
213,153,4,1462644086
224,153,4,828214011
225,153,4,845565714
232,153,4,955087749
237,153,2.5,1102009658
239,153,3,991862983
241,153,3,847339409
243,153,2,1094223550
247,153,3,953189022
249,153,2,839461338
254,153,3,845157211
268,153,2,1314894183
276,153,1.5,1321812623
279,153,2,838231182
281,153,3,1113685151
285,153,2,965092826
288,153,2,845862154
292,153,3.5,1140051087
294,153,4,1047072927
295,153,3,1100132122
305,153,3,947402442
311,153,3,898008136
317,153,2,847633434
319,153,4,834759426
338,153,3,841656121
344,153,1,850725506
345,153,2,1106948886
353,153,1.5,1112268795
354,153,3,846062277
355,153,3,1130105632
358,153,2,957534758
369,153,3,847465393
384,153,3,1153157953
389,153,3,829492315
390,153,3,867076269
396,153,3,834998259
400,153,3,840205085
409,153,3,828213115
416,153,3,841446622
418,153,2,1132178218
423,153,2,1354570794
428,153,1.5,1304133635
430,153,1,1172908800
442,153,4,1227968858
447,153,3,832492610
453,153,5,994622468
457,153,2,1471385581
461,153,0.5,1091049746
464,153,5,829912557
466,153,2,944978804
468,153,1,1296191749
475,153,1,1447329525
487,153,3,832836250
496,153,2,834059779
514,153,3,853896269
516,153,2,844687044
517,153,3,846449875
518,153,3,945365209
534,153,3,973376296
535,153,3,838630364
536,153,4,829471719
538,153,3,831835577
547,153,2,1076809491
550,153,1,943372786
552,153,2,843322530
561,153,3,1172734836
564,153,3,974838189
568,153,5,835002219
574,153,2,1232810237
575,153,4,1012609130
580,153,2,1165899265
588,153,4,842298045
589,153,3,838902121
590,153,3,848677376
602,153,3,842356033
607,153,3,1113319747
608,153,1,958825275
619,153,2,831921795
623,153,3,1225256302
624,153,2.5,1118166852
641,153,3,834636246
649,153,4,834424696
654,153,3.5,1145391820
657,153,2,841960714
659,153,3,835642452
666,153,2,838920837
19,154,4,855191383
23,154,4,1148672842
81,154,4,1307169402
86,154,4,848161123
99,154,3,938623596
224,154,4,828214011
254,154,5,845157988
262,154,2,1434332315
265,154,4,960060804
409,154,4,828213115
492,154,5,898110821
509,154,4,978936993
516,154,4,844687869
536,154,2,829471719
555,154,4,832096969
587,154,4,1112632389
311,155,4.5,1062016035
467,155,3,939064184
472,155,3,974245114
516,155,4,844688604
547,155,2,1022680052
552,155,3,843325702
564,155,2,974842015
602,155,3,842360072
659,155,3,835642452
80,156,5,844861440
254,156,4,845158642
344,156,4,850724257
434,156,2,886373442
441,156,4,1048092031
514,156,4,853893545
537,156,3,879507044
547,156,2.5,1106433953
564,156,5,974833716
596,156,5,1139092457
602,156,5,842359483
15,157,2,1052896975
33,157,1,1033543456
239,157,4,991862945
285,157,4,965092538
358,157,1,957795183
514,157,2,854116294
520,157,2,1143503629
564,157,3,974837992
6,158,2,1108134263
22,158,1,1131661890
30,158,3,945277588
32,158,3,834828318
48,158,3,1322170542
61,158,1.5,1216486613
69,158,3,1366831962
73,158,2,1255608880
85,158,1,837513025
114,158,4,838365765
161,158,4,837629757
165,158,2,1111479041
188,158,3,841064649
192,158,3,843634056
194,158,3,848098576
212,158,3,1218955077
213,158,3,1462638823
224,158,5,828214011
241,158,3,847339806
243,158,2,1094220049
255,158,2,1236984810
288,158,5,845862596
292,158,4,1140153453
302,158,3,843793194
311,158,2,898008684
332,158,0.5,1147971452
338,158,3,841656725
357,158,3,832768749
382,158,2.5,1371780162
396,158,3,834998490
416,158,2,841447812
417,158,0.5,1112466844
418,158,4,1132176938
421,158,3,835170469
447,158,3,832493085
461,158,1,1090908806
464,158,4,829912557
468,158,2,1296197013
477,158,2,1329273308
480,158,4.5,1339455084
487,158,3,832836541
496,158,4,834060114
